codigo_nivel,descripcion_nivel,codigo_entidad,descripcion_entidad,codigo_oee,descripcion_oee,descripcion_corta,direccion,telefono,pagina_web,uri
11,PODER LEGISLATIVO,1,CONGRESO NACIONAL,1,CONGRESO NACIONAL (CN),CN,14 DE MAYO E/ AVDA. REPÚBLICA,021 4145198,HTTP://WWW.CONGRESO.GOV.PY,http://datos.sfp.gov.py/id/oee/11/1/1
11,PODER LEGISLATIVO,2,CAMARA DE SENADORES,1,HONORABLE CAMARA DE SENADORES (HCS),HCS,14 DE MAYO E/ AVDA. REPÚBLICA,0214145000,HTTP://WWW.SENADO.GOV.PY,http://datos.sfp.gov.py/id/oee/11/2/1
11,PODER LEGISLATIVO,3,CAMARA DE DIPUTADOS,1,HONORABLE CAMARA DE DIPUTADOS (HCD),CDIP,EL PARAGUAYO INDEPENDIENTE ENTRE 14 DE MAYO Y 15 DE AGOSTO,021 414 4000,HTTP://WWW.DIPUTADOS.GOV.PY,http://datos.sfp.gov.py/id/oee/11/3/1
12,PODER EJECUTIVO,1,PRESIDENCIA DE LA REPUBLICA,2,PRESIDENCIA DE LA REPUBLICA / GABINETE CIVIL,GABCIV,EL PARAGUAYO INDEPENDIENTE Y AYOLAS,+595 21 4140200,HTTP://WWW.GABINETECIVIL.GOV.PY,http://datos.sfp.gov.py/id/oee/12/1/2
12,PODER EJECUTIVO,1,PRESIDENCIA DE LA REPUBLICA,3,GABINETE MILITAR (GM),GABMIL,EL PARAGUAYO INDEPENDIENTE ENTRE O'LEARY Y AYOLAS,+59521 4140200,HTTP://WWW.GABIMIL.MIL.PY,http://datos.sfp.gov.py/id/oee/12/1/3
12,PODER EJECUTIVO,1,PRESIDENCIA DE LA REPUBLICA,4,PROCURADURIA GENERAL DE LA REPUBLICA (PGR),PGR,MARISCAL LÓPEZ Nº 2311 C/ VENEZUELA,+ 595 21 215 034/ 7,HTTP://WWW.PGR.GOV.PY,http://datos.sfp.gov.py/id/oee/12/1/4
12,PODER EJECUTIVO,1,PRESIDENCIA DE LA REPUBLICA,5,SECRETARIA DE ACCION SOCIAL (SAS),SAS,AVENIDA MARISCAL LÓPEZ Y CORONEL. PAMPLIEGA,(595-21) 678 430 / 31 / 53,HTTP://WWW.SAS.GOV.PY/,http://datos.sfp.gov.py/id/oee/12/1/5
12,PODER EJECUTIVO,1,PRESIDENCIA DE LA REPUBLICA,6,AUDITORIA GENERAL DEL PODER EJECUTIVO (AGPE),AGPE,JUAN BAUTISTA ALBERDI Nº 972 C/ MANDUVIRÁ,(595 21) 493 171-5,HTTP://WWW.AGPE.GOV.PY/,http://datos.sfp.gov.py/id/oee/12/1/6
12,PODER EJECUTIVO,1,PRESIDENCIA DE LA REPUBLICA,7,SECRETARIA TECNICA DE PLANIFICACION DEL DESARROLLO ECONOMICO Y SOCIAL (STP),STP,ESTRELLA 505 ESQ. 14 DE MAYO,(595-21) 450-422,HTTP://WWW.STP.GOV.PY/,http://datos.sfp.gov.py/id/oee/12/1/7
12,PODER EJECUTIVO,1,PRESIDENCIA DE LA REPUBLICA,8,SECRETARIA DE LA FUNCION PUBLICA (SFP),SFP,ITURBE 823 EQUINA FULGENCIO R. MORENO,(021) 451 926,HTTP://WWW.SFP.GOV.PY/,http://datos.sfp.gov.py/id/oee/12/1/8
12,PODER EJECUTIVO,1,PRESIDENCIA DE LA REPUBLICA,10,SECRETARIA NACIONAL ANTIDROGAS (SENAD),SENAD,AVDA. FERNANDO DE LA MORA 2998 C/ AVDA. DE LA VICTORIA,(021) 554 - 585 / 6,HTTP://WWW.SENAD.GOV.PY/,http://datos.sfp.gov.py/id/oee/12/1/10
12,PODER EJECUTIVO,1,PRESIDENCIA DE LA REPUBLICA,11,CONSEJO DE LA DEFENSA NACIONAL (CODENA),CODENA,"EDIFICIO DEL MINISTERIO DE DEFENSA NACIONAL, 5º PISO BLOQUE ""B"" MARISCAL LÓPEZ C/ 22 DE SETIEMBRE. ASUNCIÓN",021 213034,HTTP://WWW.CODENA.GOV.PY/,http://datos.sfp.gov.py/id/oee/12/1/11
12,PODER EJECUTIVO,1,PRESIDENCIA DE LA REPUBLICA,12,SECRETARIA DE DESARROLLO PARA REPATRIADOS Y REFUGIADOS CONNACIONALES (SEDEREC),SEDEREC,25 DE MAYO 1091 C/ BRASIL,+ 595 21 226858,HTTP://WWW.REPATRIADOS.GOV.PY/,http://datos.sfp.gov.py/id/oee/12/1/12
12,PODER EJECUTIVO,1,PRESIDENCIA DE LA REPUBLICA,13,SECRETARIA NACIONAL DE TURISMO (SENATUR),SENATUR,PALMA 468 C/ 14 DE MAYO,(595 21) 494.110/441.530,HTTP://WWW.SENATUR.GOV.PY/,http://datos.sfp.gov.py/id/oee/12/1/13
12,PODER EJECUTIVO,1,PRESIDENCIA DE LA REPUBLICA,14,SECRETARIA DE PREVENCION DE LAVADO DE DINERO O BIENES (SEPRELAD),SEPRELAD,FEDERACIÓN RUSA C/ AUGUSTO ROA BASTOS,+595 21 600435,HTTP://WWW.SEPRELAD.GOV.PY/,http://datos.sfp.gov.py/id/oee/12/1/14
12,PODER EJECUTIVO,1,PRESIDENCIA DE LA REPUBLICA,15,CONSEJO NACIONAL DE CIENCIA Y TECNOLOGIA (CONACYT),CONACYT,DR. JUSTO PRIETO 223 ESQ. TEÓFILO DEL PUERTO. BARRIO VILLA AURELIA,021 506223,HTTP://WWW.CONACYT.GOV.PY/,http://datos.sfp.gov.py/id/oee/12/1/15
12,PODER EJECUTIVO,1,PRESIDENCIA DE LA REPUBLICA,16,ESCRIBANIA MAYOR DE GOBIERNO (EMG),EMG,AVDA. COLÓN 1163 E/ JEJUÍ E YGATIMI,+59521 423 117,HTTP://WWW.EMG.GOV.PY/,http://datos.sfp.gov.py/id/oee/12/1/16
12,PODER EJECUTIVO,1,PRESIDENCIA DE LA REPUBLICA,18,SECRETARIA NACIONAL DE LA NIÑEZ Y LA ADOLESCENCIA (SNNA),SNNA,AVDA. MARISCAL LÓPEZ 2.029 E/ ACÁ CARAYÁ. ASUNCIÓN.,595 - 21 - 207 160,HTTP://WWW.SNNA.GOV.PY/,http://datos.sfp.gov.py/id/oee/12/1/18
12,PODER EJECUTIVO,1,PRESIDENCIA DE LA REPUBLICA,19,SECRETARIA DE EMERGENCIA NACIONAL (SEN),SEN,FULGENCIO R. MORENO C/ PARAPITI.,(595 21) 440-997,HTTP://WWW.SEN.GOV.PY/,http://datos.sfp.gov.py/id/oee/12/1/19
12,PODER EJECUTIVO,1,PRESIDENCIA DE LA REPUBLICA,20,SECRETARIA NACIONAL DE DEPORTES (SND),SND,AVDA. EUSEBIO AYALA Y OROITE KM. 4 1/2,59521 520671/6,HTTP://WWW.SND.GOV.PY,http://datos.sfp.gov.py/id/oee/12/1/20
12,PODER EJECUTIVO,1,PRESIDENCIA DE LA REPUBLICA,22,SECRETARIA NACIONAL DE CULTURA (SNC),SNC,SEDE CENTRAL EEUU 284 ESQ. MCAL. ESTIGARRIBIA,(021)442515/6  (021) 492548,HTTP://WWW.CULTURA.GOV.PY/,http://datos.sfp.gov.py/id/oee/12/1/22
12,PODER EJECUTIVO,1,PRESIDENCIA DE LA REPUBLICA,23,GABINETE SOCIAL (GS),GABSOC,"PDTE. FRANCO ESQ. AYOLAS. EDIFICIO AYFRA, PISO 12",+595 21 493456/8,HTTP://WWW.GABINETESOCIAL.GOV.PY/,http://datos.sfp.gov.py/id/oee/12/1/23
12,PODER EJECUTIVO,1,PRESIDENCIA DE LA REPUBLICA,25,SECRETARIA DE POLITICAS LINGUISTICAS (SPL),SPL,"AVENIDA ESPAÑA N° 114 CASI TACUARY, EDIFICIO VILLA LORENCES.",(+59521) 491 928,HTTP://WWW.SPL.GOV.PY,http://datos.sfp.gov.py/id/oee/12/1/25
12,PODER EJECUTIVO,1,PRESIDENCIA DE LA REPUBLICA,26,SECRETARIA NACIONAL POR LOS DERECHOS HUMANOS DE LAS PERSONAS CON DISCAPACIDAD (SENADIS),SENADIS,YERUTI  Y JACARANDA ? FERNANDO DE LA MORA ZONA NORTE ? BARRIO IPVU,(59521) 670-593,HTTP://WWW.SENADIS.GOV.PY,http://datos.sfp.gov.py/id/oee/12/1/26
12,PODER EJECUTIVO,1,PRESIDENCIA DE LA REPUBLICA,28,SECRETARIA NACIONAL DE LA JUVENTUD (SNJ),SNJ,AYOLAS 451 ENTRE ESTRELLA Y OLIVA. EDIFICIO CAPITAL,(595 21) 453-212 (595 21) 453-213,HTTP://WWW.SNJ.GOV.PY,http://datos.sfp.gov.py/id/oee/12/1/28
12,PODER EJECUTIVO,1,PRESIDENCIA DE LA REPUBLICA,29,SECRETARIA NACIONAL ANTICORRUPCION (SENAC),SENAC,EL PARAGUAYO INDEPENDIENTE ESQUINA 15 DE AGOSTO,021 -450 001 / 450 002,HTTP://WWW.SENAC.GOV.PY,http://datos.sfp.gov.py/id/oee/12/1/29
12,PODER EJECUTIVO,1,PRESIDENCIA DE LA REPUBLICA,30,ORQUESTA SINFONICA NACIONAL (OSN),OSN,"TTE, CORONEL AYALA VELAZQUEZ N°376 CASI CAPITAN BRIZUELA",021 220328,HTTP://WWW.OSN.GOV.PY,http://datos.sfp.gov.py/id/oee/12/1/30
12,PODER EJECUTIVO,1,PRESIDENCIA DE LA REPUBLICA,31,AGENCIA ESPACIAL DEL PARAGUAY(AEP),AEP,,,HTTP://WWW.AEP.GOV.PY,http://datos.sfp.gov.py/id/oee/12/1/31
12,PODER EJECUTIVO,1,PRESIDENCIA DE LA REPUBLICA,32,SECRETARIA NACIONAL DE ADMINISTRACION DE BIENES INCAUTADOS Y COMISADOS(SENABICO),SENABICO,,,,http://datos.sfp.gov.py/id/oee/12/1/32
12,PODER EJECUTIVO,2,VICE PRESIDENCIA DE LA REPUBLICA,1,VICEPRESIDENCIA DE LA REPUBLICA,VICEP,JUAN E. O'LEARY 222 ESQ. PDTE. FRANCO,+595 21 457-140 / 1,HTTP://WWW.VICEPRESIDENCIA.GOV.PY/,http://datos.sfp.gov.py/id/oee/12/2/1
12,PODER EJECUTIVO,3,MINISTERIO DEL INTERIOR,1,MINISTERIO DEL INTERIOR (MI),MI,CHILE Y MANDUVIRA,595 21 415 - 2240,HTTP://WWW.MDI.GOV.PY/,http://datos.sfp.gov.py/id/oee/12/3/1
12,PODER EJECUTIVO,3,MINISTERIO DEL INTERIOR,2,POLICIA NACIONAL (PN),PN,CABALLERO N° 201 ESQUINA ELIGIO AYALA,021 446 066,HTTP://WWW.MIGRACIONES.GOV.PY,http://datos.sfp.gov.py/id/oee/12/3/2
12,PODER EJECUTIVO,3,MINISTERIO DEL INTERIOR,3,DIRECCION GENERAL DE MIGRACIONES (DGM),DGM,PARAGUAYO INDEPENDIENTE ESQ CHILE,021 441-355,HTTP://WWW.POLICIANACIONAL.GOV.PY/,http://datos.sfp.gov.py/id/oee/12/3/3
12,PODER EJECUTIVO,4,MINISTERIO DE RELACIONES EXTERIORES,1,MINISTERIO DE RELACIONES EXTERIORES (MRE),MRE,PALMA Y 14 DE MAYO - PALACIO BENIGNO LÓPEZ,+595 21 493928,HTTP://WWW.MRE.GOV.PY/,http://datos.sfp.gov.py/id/oee/12/4/1
12,PODER EJECUTIVO,5,MINISTERIO DE DEFENSA NACIONAL,1,MINISTERIO DE DEFENSA NACIONAL (MDN),MDN,AVDA. MARISCAL LÓPEZ E/ VICE PRESIDENTE SÁNCHEZ Y 22 DE SEPTIEMBRE,+59521 2490000,HTTP://WWW.MDN.GOV.PY,http://datos.sfp.gov.py/id/oee/12/5/1
12,PODER EJECUTIVO,5,MINISTERIO DE DEFENSA NACIONAL,2,CENTRO FINANCIERO 1 - COMANDO EN JEFE,CF1,GRAL. SANTOS C/ MCAL. LÓPEZ,021 2498220,HTTP://WWW.DGAF.MIL.PY/?PAGE_ID=623,http://datos.sfp.gov.py/id/oee/12/5/2
12,PODER EJECUTIVO,5,MINISTERIO DE DEFENSA NACIONAL,3,CENTRO FINANCIERO 2 - COMANDO DEL EJERCITO,CF2,MADAME LYNCH Y VIA FERREA,021294118,HTTP://WWW.DGAF.MIL.PY/?PAGE_ID=87,http://datos.sfp.gov.py/id/oee/12/5/3
12,PODER EJECUTIVO,5,MINISTERIO DE DEFENSA NACIONAL,4,CENTRO FINANCIERO 3 - COMANDO DE LA ARMADA,CF3,HERNANDARIAS E/ STELLA MARIS,021 493 813,HTTP://WWW.DGAF.MIL.PY/?PAGE_ID=626,http://datos.sfp.gov.py/id/oee/12/5/4
12,PODER EJECUTIVO,5,MINISTERIO DE DEFENSA NACIONAL,5,CENTRO FINANCIERO 4 - COMANDO DE LA FUERZA AEREA,CF4,GRAL. SANTOS C/ MCAL. LÓPEZ,021 2498220,HTTP://WWW.DGAF.MIL.PY/?PAGE_ID=628,http://datos.sfp.gov.py/id/oee/12/5/5
12,PODER EJECUTIVO,5,MINISTERIO DE DEFENSA NACIONAL,6,CENTRO FINANCIERO 5 - COMANDO LOGISTICO,CF5,GRAL. SANTOS C/ MCAL. LÓPEZ,2498220,HTTP://WWW.DGAF.MIL.PY/?PAGE_ID=630,http://datos.sfp.gov.py/id/oee/12/5/6
12,PODER EJECUTIVO,6,MINISTERIO DE ECONOMIA Y FINANZAS (MEF),1,MINISTERIO DE ECONOMIA Y FINANZAS (MEF),MEF,,,,http://datos.sfp.gov.py/id/oee/12/6/1
12,PODER EJECUTIVO,6,MINISTERIO DE ECONOMIA Y FINANZAS (MEF),3,VICEMINISTERIO DE CAPITAL HUMANO Y GESTION ORGANIZACIONAL,VCHGO,,,,http://datos.sfp.gov.py/id/oee/12/6/3
12,PODER EJECUTIVO,7,MINISTERIO DE EDUCACION Y CULTURA,1,MINISTERIO DE EDUCACION Y CIENCIAS (MEC),MEC,15 DE AGOSTO E/ GENERAL DÍAZ Y E. V. HAEDO,(021) 450014/15 ? 451025 ? 452895,HTTP://WWW.MEC.GOV.PY,http://datos.sfp.gov.py/id/oee/12/7/1
12,PODER EJECUTIVO,7,MINISTERIO DE EDUCACION Y CULTURA,2,CONSEJO NACIONAL DE EDUCACION Y CULTURA (CONEC),CONEC,"GRAL. DIAZ ENTRE 14 DE MAYO Y 15 DE AGOSTO, EDIFICIO INTERNACIONAL EL FARO: 4TO PISO",021.449.718,WWW.CONEC.GOV.PY,http://datos.sfp.gov.py/id/oee/12/7/2
12,PODER EJECUTIVO,8,MINISTERIO DE SALUD PUBLICA Y BIENESTAR SOCIAL,1,MINISTERIO DE SALUD PUBLICA Y BIENESTAR SOCIAL (MSPBS),MSPYBS,PETTIROSSI ESQ. BRASIL,(595) 21 - 204-601/3,HTTP://WWW.MSPBS.GOV.PY/,http://datos.sfp.gov.py/id/oee/12/8/1
12,PODER EJECUTIVO,9,MINISTERIO DE JUSTICIA,1,MINISTERIO DE JUSTICIA (MJ),MJ,AVDA. DR. JOSÉ GASPAR RODRÍGUEZ DE FRANCIA ESQ. ESTADOS UNIDOS,+595 21 493 210,HTTP://WWW.MINISTERIODEJUSTICIA.GOV.PY/,http://datos.sfp.gov.py/id/oee/12/9/1
12,PODER EJECUTIVO,10,MINISTERIO DE AGRICULTURA Y GANADERÍA,1,MINISTERIO DE AGRICULTURA Y GANADERIA (MAG),MAG,"YEGROS E/ 25 DE MAYO Y CERRO CORÁ, EDIFICIO SAN RAFAEL",+595 21 450 937,HTTP://WWW.MAG.GOV.PY,http://datos.sfp.gov.py/id/oee/12/10/1
12,PODER EJECUTIVO,11,MINISTERIO DE INDUSTRIA Y COMERCIO,1,MINISTERIO DE INDUSTRIA Y COMERCIO (MIC),MIC,"AV. MCAL. LÓPEZ 3333 C/ DR. WEISS, VILLA MORRA",+59521 616-3000,HTTP://WWW.MIC.GOV.PY,http://datos.sfp.gov.py/id/oee/12/11/1
12,PODER EJECUTIVO,13,MINISTERIO DE OBRAS PUBLICAS Y COMUNICACIONES,1,MINISTERIO DE OBRAS PUBLICAS Y COMUNICACIONES (MOPC),MOPC,"OLIVA Y ALBERDI Nº 411, C.P. Nº 1221",595 (021) 4149000,HTTP://WWW.MOPC.GOV.PY/,http://datos.sfp.gov.py/id/oee/12/13/1
12,PODER EJECUTIVO,14,MINISTERIO DE LA MUJER,1,MINISTERIO DE LA MUJER (MM),MM,"PRESIDENTE FRANCO ESQ. AYOLAS, EDIFICIO AYFRA, PISO 13, BLOQUE B Y PLANTA BAJA",(595 21) 450 036/8,HTTP://WWW.MUJER.GOV.PY,http://datos.sfp.gov.py/id/oee/12/14/1
12,PODER EJECUTIVO,15,"MINISTERIO DEL TRABAJO, EMPLEO Y SEGURIDAD SOCIAL",1,"MINISTERIO DEL TRABAJO, EMPLEO Y SEGURIDAD SOCIAL (MTESS)",MTESS,LUIS ALBERTO DE HERRERA ESQUINA PARAGUARÍ,021 448183 ? 021 493202,HTTP://WWW.MTESS.GOV.PY/,http://datos.sfp.gov.py/id/oee/12/15/1
12,PODER EJECUTIVO,15,"MINISTERIO DEL TRABAJO, EMPLEO Y SEGURIDAD SOCIAL",2,SERVICIO NACIONAL DE PROMOCION PROFESIONAL (SNPP),SNPP,MOLAS LÓPEZ 480 - ASUNCIÓN,021 662599,HTTP://WWW.SNPP.EDU.PY/,http://datos.sfp.gov.py/id/oee/12/15/2
12,PODER EJECUTIVO,15,"MINISTERIO DEL TRABAJO, EMPLEO Y SEGURIDAD SOCIAL",3,SISTEMA NACIONAL DE FORMACION Y CAPACITACION LABORAL (SINAFOCAL),SINAFOCAL,"ITURBE Nº 175,ELIGIO AYALA, ASUNCIÓN",021495-487,HTTP://WWW.SINAFOCAL.GOV.PY/,http://datos.sfp.gov.py/id/oee/12/15/3
12,PODER EJECUTIVO,17,MINISTERIO DEL AMBIENTE Y DESARROLLO  SOSTENIBLE,1,MINISTERIO DEL AMBIENTE Y DESARROLLO SOSTENIBLE (MADES),MADES,,,,http://datos.sfp.gov.py/id/oee/12/17/1
12,PODER EJECUTIVO,18,MINISTERIO DE DESARROLLO SOCIAL,1,MINISTERIO DE DESARROLLO SOCIAL,MDS,AV. MCAL.LÓPEZ Y CORONEL PAMPLIEGA FERNANDO DE LA MORA,+595 21 7295100,,http://datos.sfp.gov.py/id/oee/12/18/1
12,PODER EJECUTIVO,19,"MINISTERIO DE URBANISMO, VIVIENDA Y HÁBITAT",1,"MINISTERIO DE URBANISMO, VIVIENDA Y HABITAT",MUVH,,,,http://datos.sfp.gov.py/id/oee/12/19/1
12,PODER EJECUTIVO,20,MINISTERIO DE LA NIÑEZ Y ADOLESCENCIA,1,MINISTERIO DE LA NIÑEZ Y ADOLESCENCIA,MINNA,,,,http://datos.sfp.gov.py/id/oee/12/20/1
12,PODER EJECUTIVO,21,MINISTERIO DE TECNOLOGÍAS DE LA INFORMACIÓN Y COMUNICACIÓN,1,MINISTERIO DE TECNOLOGIAS DE LA INFORMACION Y COMUNICACION,MITIC,COMPLEJO SANTOS E2 - GRAL. SANTOS 1170 CASI CONCORDIA,,,http://datos.sfp.gov.py/id/oee/12/21/1
12,PODER EJECUTIVO,40,ORQUESTA NACIONAL DE MÚSICA POPULAR,1,ORQUESTA NACIONAL DE MÚSICA POPULAR,ONAMP,,,,http://datos.sfp.gov.py/id/oee/12/40/1
13,PODER JUDICIAL,1,CORTE SUPREMA DE JUSTICIA,1,CORTE SUPREMA DE JUSTICIA (CSJ),CSJ,MARIANO ROQUE ALONSO Y TESTANOVA,021 424311/15,HTTP://WWW.PJ.GOV.PY/,http://datos.sfp.gov.py/id/oee/13/1/1
13,PODER JUDICIAL,2,TRIBUNAL SUPERIOR DE JUSTICIA ELECTORAL,1,TRIBUNAL SUPERIOR DE JUSTICIA ELECTORAL (TSJE),TSJE,"AV. EUSEBIO AYALA N° 2759 C/STA. CRUZ DE LA SIERRA, ASUNCIÓN",02161 80 111,HTTP://WWW.TSJE.GOV.PY/,http://datos.sfp.gov.py/id/oee/13/2/1
13,PODER JUDICIAL,3,MINISTERIO PUBLICO,1,MINISTERIO PUBLICO (MP),MP,"CHILE ESQ. AVDA. YGATIMI, ASUNCIÓN - PARAGUAY",021 415-6000,HTTP://WWW.MINISTERIOPUBLICO.GOV.PY/,http://datos.sfp.gov.py/id/oee/13/3/1
13,PODER JUDICIAL,4,CONSEJO DE LA MAGISTRATURA,1,CONSEJO DE LA MAGISTRATURA (CM),CONMAG,,,HTTP://WWW.CONSEJODELAMAGISTRATURA.GOV.PY/,http://datos.sfp.gov.py/id/oee/13/4/1
13,PODER JUDICIAL,4,CONSEJO DE LA MAGISTRATURA,2,ESCUELA JUDICIAL (EJ),ESCJUD,VICTOR MANUEL BRIZUELA 574 E/ RCA. DOMINICANA Y PITIANTUTA.,021 452431,,http://datos.sfp.gov.py/id/oee/13/4/2
13,PODER JUDICIAL,5,JURADO DE ENJUICIAMIENTO DE MAGISTRADOS,1,JURADO DE ENJUICIAMIENTO DE MAGISTRADOS (JEM),JEM,DIRECCIÓN 14 DE MAYO ESQ. OLIVA - ED. EL CIERVO,021442662,HTTP://WWW.JEM.GOV.PY/,http://datos.sfp.gov.py/id/oee/13/5/1
13,PODER JUDICIAL,6,MINISTERIO DE LA DEFENSA PUBLICA,1,MINISTERIO DE LA DEFENSA PUBLICA (MDP),MDP,AV. ARTIGAS ENTRE SAN ESTANISLAO Y VÍA FÉRREA,021-289-3000,HTTP://WWW.MDP.GOV.PY/,http://datos.sfp.gov.py/id/oee/13/6/1
13,PODER JUDICIAL,7,SINDICATURA GENERAL DE QUIEBRAS,1,SINDICATURA GENERAL DE QUIEBRAS,SGQ,,,,http://datos.sfp.gov.py/id/oee/13/7/1
14,CONTRALORIA GENERAL DE LA REPUBLICA,1,CONTRALORIA GENERAL DE LA REPUBLICA,1,CONTRALORIA GENERAL DE LA REPUBLICA (CGR),CGR,"BRUSELAS 1880 ENTRE BÉLGICA Y, VIENA, ASUNCIÓN",(021) 620 0000,HTTP://WWW.CONTRALORIA.GOV.PY/,http://datos.sfp.gov.py/id/oee/14/1/1
15,OTROS ORGANISMOS DEL ESTADO,1,DEFENSORIA DEL PUEBLO,1,DEFENSORIA DEL PUEBLO (DP),DEFPUEBLO,O´LEARY 969 ENTRE MANDUVIRA Y PIRIBEBUY,021-452602,HTTP://WWW.DEFENSORIADELPUEBLO.GOV.PY/,http://datos.sfp.gov.py/id/oee/15/1/1
15,OTROS ORGANISMOS DEL ESTADO,2,MECANISMO NACIONAL DE PREVENSIÓN CONTRA LA TORTURA,1,MECANISMO NACIONAL DE PREVENCION CONTRA LA TORTURA Y OTROS TRATOS O PENAS CRUELES INHUMANOS O DEGRADANTES (MNP),CNPT,"ADELA SPERATTI NRO. 2125 C/ MAYOR BULLO ASUNCIÓN, PARAGUAY",021 207 052,WWW.MNP.GOV.PY,http://datos.sfp.gov.py/id/oee/15/2/1
21,BANCA CENTRAL DEL ESTADO,1,BANCO CENTRAL DEL PARAGUAY,1,BANCO CENTRAL DEL PARAGUAY (BCP),BCP,FEDERACIÓN RUSA Y AUGUSTO ROA BASTOS  Bº SANTO DOMINGO  ASUNCIÓN - PARAGUAY,021608 011,HTTP://WWW.BCP.GOV.PY/,http://datos.sfp.gov.py/id/oee/21/1/1
22,GOBIERNOS DEPARTAMENTALES,1,I DEPARTAMENTO: GOBERNACION DE CONCEPCION,1,I DEPARTAMENTO: GOBERNACION DE CONCEPCION,GOB01,"CARLOS A. LÓPEZ Y BRASIL, CONCEPCIÓN, PARAGUAY.",0 331 242718,HTTP://WWW.CONCEPCION.GOV.PY/,http://datos.sfp.gov.py/id/oee/22/1/1
22,GOBIERNOS DEPARTAMENTALES,2,II DEPARTAMENTO: GOBERNACION DE SAN PEDRO,1,II DEPARTAMENTO: GOBERNACION DE SAN PEDRO,GOB02,AVDA. GRAL. DÍAZ Nº 847 E/ MCAL. ESTIGARRIBIA Y JÓVENES POR LA DEMOCRACIA SAN PEDRO DEL YKUAMANDYJU - PARAGUAY,(+595 0342) 222495,HTTP://WWW.SANPEDRO.GOV.PY/,http://datos.sfp.gov.py/id/oee/22/2/1
22,GOBIERNOS DEPARTAMENTALES,3,III DEPARTAMENTO: GOBERNACION DE CORDILLERA,1,III DEPARTAMENTO: GOBERNACION DE CORDILLERA,GOB03,DR. PINO C/ POZO DE LA VIRGEN,+595 511 242 351,HTTP://WWW.GOBERNACIONCORDILLERA.GOV.PY/,http://datos.sfp.gov.py/id/oee/22/3/1
22,GOBIERNOS DEPARTAMENTALES,4,IV DEPARTAMENTO: GOBERNACION DE GUAIRA,1,IV DEPARTAMENTO: GOBERNACION DE GUAIRA,GOB04,"GRAL. DÍAZ Y SAN ROQUE GONZÁLEZ DE SANTA CRUZ 5000, VILLARRICA DEL ESPÍRITU SANTO",(0541) 43274,HTTP://WWW.GOBERNACIONDELGUAIRA.GOV.PY,http://datos.sfp.gov.py/id/oee/22/4/1
22,GOBIERNOS DEPARTAMENTALES,5,V DEPARTAMENTO: GOBERNACION DE CAAGUAZU,1,V DEPARTAMENTO: GOBERNACION DE CAAGUAZU,GOB05,MCAL. ESTIGARRIBIA E YTORORÓ - CIUDAD DE CORONEL OVIEDO,+595 521 203782,HTTPS://GOBERNACIONDELCAAGUAZU.GOV.PY/,http://datos.sfp.gov.py/id/oee/22/5/1
22,GOBIERNOS DEPARTAMENTALES,6,VI DEPARTAMENTO: GOBERNACION DE CAAZAPA,1,VI DEPARTAMENTO: GOBERNACION DE CAAZAPA,GOB06,AVD. MCAL. ESTIGARRIBIA C/ PEDRO N. CIANCIO,(0542) 232 777,HTTP://WWW.GOBCZ.GOV.PY/,http://datos.sfp.gov.py/id/oee/22/6/1
22,GOBIERNOS DEPARTAMENTALES,7,VII DEPARTAMENTO: GOBERNACION DE ITAPUA,1,VII DEPARTAMENTO: GOBERNACION DE ITAPUA,GOB07,CORONEL IRRAZABAL Y PEDRO JUAN CABALLERO - ENCARNACION PY,(071) 204 568,HTTP://WWW.ITAPUA.GOV.PY/,http://datos.sfp.gov.py/id/oee/22/7/1
22,GOBIERNOS DEPARTAMENTALES,8,VIII DEPARTAMENTO: GOBERNACION DE MISIONES,1,VIII DEPARTAMENTO: GOBERNACION DE MISIONES,GOB08,MONSEÑOR GABINO ROJAS ESQ. MARTÍN MARÍA LLANO - CIUDAD DE SAN JUAN BAUTISTA.,+595 81 212536,HTTP://MISIONES.GOV.PY/,http://datos.sfp.gov.py/id/oee/22/8/1
22,GOBIERNOS DEPARTAMENTALES,9,GOBIERNO DEPARTAMENTAL DE PARAGUARI,1,IX DEPARTAMENTO: GOBERNACION DE PARAGUARI,GOB09,GRAL. MORÍNIGO Y ASUNCIÓN - CIUDAD DE PARAGUARÍ,+595 531 432211,WWW.PARAGUARI.ORG,http://datos.sfp.gov.py/id/oee/22/9/1
22,GOBIERNOS DEPARTAMENTALES,10,X DEPARTAMENTO: GOBERNACION DE ALTO PARANA,1,X DEPARTAMENTO: GOBERNACION DE ALTO PARANA,GOB10,AVDA. BERNARDINO CABALLERO Y ROGELIO BENÍTEZ - CIUDAD DEL ESTE - PY,061 518105,WWW.ALTOPARANA.GOV.PY/,http://datos.sfp.gov.py/id/oee/22/10/1
22,GOBIERNOS DEPARTAMENTALES,11,GOBIERNO DEPARTAMENTAL DE CENTRAL,1,XI DEPARTAMENTO: GOBERNACION CENTRAL,GOB11,RAMAL CAPIATÁ - AREGUÁ KM. 4.5,+595291 432-591,HTTP://WWW.CENTRAL.GOV.PY/,http://datos.sfp.gov.py/id/oee/22/11/1
22,GOBIERNOS DEPARTAMENTALES,12,XII DEPARTAMENTO: GOBERNACION DE ÑEEMBUCU,1,XII DEPARTAMENTO: GOBERNACION DE ÑEEMBUCU,GOB12,AV. MCAL. LÓPEZ E/ 14 DE MAYO | PILAR | PARAGUAY,(595 786) 232 210,HTTP://WWW.NEEMBUCU.GOV.PY/,http://datos.sfp.gov.py/id/oee/22/12/1
22,GOBIERNOS DEPARTAMENTALES,13,XIII DEPARTAMENTO: GOBERNACION DE AMAMBAY,1,XIII DEPARTAMENTO: GOBERNACION DE AMAMBAY,GOB13,14 DE MAYO 255 E/ CARLOS A. LÓPEZ Y AV. TTE. HERRERO  PEDRO JUAN CABALLERO  PARAGUAY,(595) 336 272.214,HTTP://WWW.AMAMBAY.GOV.PY/,http://datos.sfp.gov.py/id/oee/22/13/1
22,GOBIERNOS DEPARTAMENTALES,14,XIV DEPARTAMENTO: GOBERNACION DE CANINDEYU,1,XIV DEPARTAMENTO: GOBERNACION DE CANINDEYU,GOB14,"AV. MCAL. LÓPEZ C/ AV. PARAGUAY, SALTO DEL GUAIRÁ",+595(46)242311,HTTP://WWW.CANINDEYU.GOV.PY/,http://datos.sfp.gov.py/id/oee/22/14/1
22,GOBIERNOS DEPARTAMENTALES,15,XV DEPARTAMENTO: GOBERNACION DE PRESIDENTE HAYES,1,XV DEPARTAMENTO: GOBERNACION DE PRESIDENTE HAYES,GOB15,AVDA. LAUDO HAYES Y CORONEL ESCURRA - VILLA HAYES - PARAGUAY,(0226) 262403,HTTP://WWW.PRESIDENTEHAYES.GOV.PY/,http://datos.sfp.gov.py/id/oee/22/15/1
22,GOBIERNOS DEPARTAMENTALES,16,XVI DEPARTAMENTO: GOBERNACION DE BOQUERON,1,XVI DEPARTAMENTO: GOBERNACION DE BOQUERON,GOB16,CARAYÁ ESQ. HINDENBURG - CIUDAD DE FILADELFIA.,+595 491 432051,HTTP://WWW.BOQUERON.GOV.PY/,http://datos.sfp.gov.py/id/oee/22/16/1
22,GOBIERNOS DEPARTAMENTALES,17,XVII DEPARTAMENTO: GOBERNACION DE ALTO PARAGUAY,1,XVII DEPARTAMENTO: GOBERNACION DE ALTO PARAGUAY,GOB17,BERNARDINO CABALLERO Y RÍO PARAGUAY,(0497) 281 005,HTTP://WWW.GOBERNACIONALTOPARAGUAY.GOV.PY,http://datos.sfp.gov.py/id/oee/22/17/1
23,ENTES AUTONOMOS Y AUTARQUICOS,33,INSTITUTO SUPERIOR DE BELLAS ARTES,1,INSTITUTO SUPERIOR DE BELLAS ARTES,ISBA,,,,http://datos.sfp.gov.py/id/oee/23/33/1
23,ENTES AUTONOMOS Y AUTARQUICOS,1,INSTITUTO NACIONAL DE TECNOLOGIA Y NORMALIZACION,1,"INSTITUTO NACIONAL DE TECNOLOGIA, NORMALIZACION Y METROLOGIA (INTN)",INTN,AVDA. ARTIGAS 3973 E/ GENERAL ROA,+59521 290 160 / 290 266,HTTP://WWW.INTN.GOV.PY/,http://datos.sfp.gov.py/id/oee/23/1/1
23,ENTES AUTONOMOS Y AUTARQUICOS,3,INSTITUTO NACIONAL DE DESARROLLO RURAL Y DE LA TIERRA,1,INSTITUTO NACIONAL DE DESARROLLO RURAL Y DE LA TIERRA (INDERT),INDERT,TACUARY 276,+59521 443161,HTTP://WWW.INDERT.GOV.PY/,http://datos.sfp.gov.py/id/oee/23/3/1
23,ENTES AUTONOMOS Y AUTARQUICOS,4,DIRECCION DE BENEFICENCIA Y AYUDA SOCIAL,1,DIRECCION DE BENEFICENCIA Y AYUDA SOCIAL (DIBEN),DIBEN,MCAL. LOPEZ ESQ. EE.UU.,+59521225801/ 4,HTTP://WWW.DIBEN.ORG.PY/,http://datos.sfp.gov.py/id/oee/23/4/1
23,ENTES AUTONOMOS Y AUTARQUICOS,6,INSTITUTO NACIONAL DEL INDIGENA,1,INSTITUTO PARAGUAYO DEL INDIGENA (INDI),INDI,DON BOSCO 745 E/ HAEDO Y HUMAITA,+59521 452280,HTTP://WWW.INDI.GOV.PY/,http://datos.sfp.gov.py/id/oee/23/6/1
23,ENTES AUTONOMOS Y AUTARQUICOS,8,FONDO NACIONAL DE LA CULTURA Y LAS ARTES,1,FONDO NACIONAL DE LA CULTURA Y LAS ARTES (FONDEC),FONDEC,25 DE MAYO 972 C/EE.UU. (EX CLUB FRANCES),(595 21) 49072,HTTP://WWW.FONDEC.GOV.PY/,http://datos.sfp.gov.py/id/oee/23/8/1
23,ENTES AUTONOMOS Y AUTARQUICOS,9,COMISION NACIONAL DE VALORES,1,COMISION NACIONAL DE VALORES (CNV),CNV,"LUGANO (1RA. PROYECTADA) N° 627 CASI 15 DE AGOSTO, 2° PISO",59521444242,HTTP://WWW.CNV.GOV.PY/,http://datos.sfp.gov.py/id/oee/23/9/1
23,ENTES AUTONOMOS Y AUTARQUICOS,10,COMISION NACIONAL DE TELECOMUNICACIONES,1,COMISION NACIONAL DE TELECOMUNICACIONES (CONATEL),CONATEL,PRESIDENTE FRANCO N° 780 ESQ. AYOLAS,59521 438 2000,HTTP://WWW.CONATEL.GOV.PY/,http://datos.sfp.gov.py/id/oee/23/10/1
23,ENTES AUTONOMOS Y AUTARQUICOS,11,DIRECCION NACIONAL DE TRANSPORTE,1,DIRECCION NACIONAL DE TRANSPORTE (DINATRAN),DINATRAN,"RUTA Nº2 MCAL. ESTIGARRIBIA, KM 14",59521 582145,HTTP://WWW.DINATRAN.GOV.PY/,http://datos.sfp.gov.py/id/oee/23/11/1
23,ENTES AUTONOMOS Y AUTARQUICOS,13,ENTE REGULADOR DE SERVICIOS SANITARIOS,1,ENTE REGULADOR DE SERVICIOS SANITARIOS (ERSSAN),ERSSAN,AVDA. ARTIGAS 1921 EDIFICIO AUTOMOTOR 1ER. PISO,+59521 283556,HTTP://WWW.ERSSAN.GOV.PY/,http://datos.sfp.gov.py/id/oee/23/13/1
23,ENTES AUTONOMOS Y AUTARQUICOS,14,INSTITUTO NACIONAL DE COOPERATIVISMO,1,INSTITUTO NACIONAL DE COOPERATIVISMO (INCOOP),INCOOP,AVDA. 25 DE MAYO 1684 C/ RCA. FRANCESA,+59521 226989,HTTP://WWW.INCOOP.GOV.PY/,http://datos.sfp.gov.py/id/oee/23/14/1
23,ENTES AUTONOMOS Y AUTARQUICOS,15,DIRECCION NACIONAL DE ADUANAS,1,DIRECCION NACIONAL DE ADUANAS (DNA),DNA,EL PARAGUAYO INDEPENDIENTE Y COLÓN,+59521 4162100,HTTP://WWW.ADUANA.GOV.PY/,http://datos.sfp.gov.py/id/oee/23/15/1
23,ENTES AUTONOMOS Y AUTARQUICOS,16,SERVICIO NACIONAL DE CALIDAD Y SALUD ANIMAL,1,SERVICIO NACIONAL DE CALIDAD Y SALUD ANIMAL (SENACSA),SENACSA,KM 10 1/2 RUTA MCAL. ESTIGARRIBIA,+595 21 505 727 / 501 374,HTTP://WWW.SENACSA.GOV.PY/,http://datos.sfp.gov.py/id/oee/23/16/1
23,ENTES AUTONOMOS Y AUTARQUICOS,17,INSTITUTO PARAGUAYO DE ARTESANIA,1,INSTITUTO PARAGUAYO DE ARTESANIA (IPA),IPA,DR. PRIETO C/ CAP. NICOLAS BLILOFF,(021) 526-535,HTTP://WWW.ARTESANIA.GOV.PY/,http://datos.sfp.gov.py/id/oee/23/17/1
23,ENTES AUTONOMOS Y AUTARQUICOS,18,SERVICIO NACIONAL DE CALIDAD VEGETAL Y DE SEMILLA,1,SERVICIO NACIONAL DE CALIDAD Y SANIDAD VEGETAL Y DE SEMILLA (SENAVE),SENAVE,HUMAITÁ Nº 145 C/ NTRA. SRA. DE LA ASUNCIÓN.,+59521 445-769 / 441-549 / 451-910,HTTP://WWW.SENAVE.GOV.PY/,http://datos.sfp.gov.py/id/oee/23/18/1
23,ENTES AUTONOMOS Y AUTARQUICOS,19,DIRECCION NACIONAL DE CONTRATACIONES PUBLICAS,1,DIRECCION NACIONAL DE CONTRATACIONES PUBLICAS (DNCP),DNCP,E.E.U.U. 961 C/ TTE. FARIÑA.,+59521 4154000,HTTPS://WWW.CONTRATACIONES.GOV.PY/,http://datos.sfp.gov.py/id/oee/23/19/1
23,ENTES AUTONOMOS Y AUTARQUICOS,20,INSTITUTO FORESTAL NACIONAL,1,INSTITUTO FORESTAL NACIONAL (INFONA),INFONA,"RUTA Nº 2 ""MCAL. ESTIGARRIBIA"". KM. 10 1/2",+59521 570518 - 570519,HTTP://WWW.INFONA.GOV.PY/,http://datos.sfp.gov.py/id/oee/23/20/1
23,ENTES AUTONOMOS Y AUTARQUICOS,21,SECRETARIA DEL AMBIENTE,1,SECRETARIA DEL AMBIENTE (SEAM),SEAM,AVENIDA MADAME LYNCH N° 3500 ESQ RESERVISTA DE LA GUERRA DEL CHACO,(+59521) 615-803/15,HTTP://WWW.SEAM.GOV.PY/,http://datos.sfp.gov.py/id/oee/23/21/1
23,ENTES AUTONOMOS Y AUTARQUICOS,22,INSTITUTO PARAGUAYO DE TECNOLOGIA AGRARIA,1,INSTITUTO PARAGUAYO DE TECNOLOGIA AGRARIA (IPTA),IPTA,"RUTA MCAL. ESTIGARRIBIA KM 10,5 - SAN LORENZO",+595 (21)  586 13,HTTP://WWW.IPTA.GOV.PY/,http://datos.sfp.gov.py/id/oee/23/22/1
23,ENTES AUTONOMOS Y AUTARQUICOS,24,DIRECCION NACIONAL DE CORREOS DEL PARAGUAY,1,DIRECCION NACIONAL DE CORREOS DEL PARAGUAY (DINACOPA),DINACOPA,25 DE MAYO Y FULGENCIO YEGROS / ASUNCIÓN,+595 (21) 498 112 / 16,HTTP://WWW.CORREOPARAGUAYO.GOV.PY/,http://datos.sfp.gov.py/id/oee/23/24/1
23,ENTES AUTONOMOS Y AUTARQUICOS,25,DIRECCION NACIONAL DE PROPIEDAD INTELECTUAL,1,DIRECCION NACIONAL DE PROPIEDAD INTELECTUAL (DINAPI),DINAPI,ESPAÑA 323 CASI ESTADOS UNIDOS,+595 21 210-977,HTTP://WWW.DINAPI.GOV.PY/,http://datos.sfp.gov.py/id/oee/23/25/1
23,ENTES AUTONOMOS Y AUTARQUICOS,26,SECRETARÍA DE DEFENSA DEL CONSUMIDOR Y EL USUARIO,1,SECRETARIA DE DEFENSA DEL CONSUMIDOR Y EL USUARIO (SEDECO),SEDECO,CAP. PEDRO VILLAMAYOR Y TTE. TEÓFILO DEL PUERTO,(021) 52 44 55,HTTP://WWW.SEDECO.GOV.PY/,http://datos.sfp.gov.py/id/oee/23/26/1
23,ENTES AUTONOMOS Y AUTARQUICOS,27,COMISION NACIONAL DE LA COMPETENCIA,1,COMISION NACIONAL DE LA COMPETENCIA (CONACOM),CONACOM,"AV. MCAL. LÓPEZ 3333 C/ DR. WEISS, VILLA MORRA",+595 21 616 3000,,http://datos.sfp.gov.py/id/oee/23/27/1
23,ENTES AUTONOMOS Y AUTARQUICOS,28,AGENCIA NACIONAL DE TRANSITO Y SEGURIDAD VIAL,1,AGENCIA NACIONAL DE TRANSITO Y SEGURIDAD VIAL (ANTSV),ANTS,GUIDO SPANO 295 ESQ. 23 DE OCTUBRE - PRIMER PISO,(021) 615-247,HTTP://WWW.ANTSV.GOV.PY/,http://datos.sfp.gov.py/id/oee/23/28/1
23,ENTES AUTONOMOS Y AUTARQUICOS,29,CONSEJO NACIONAL DE EDUCACIÓN SUPERIOR,1,CONSEJO NACIONAL DE EDUCACION SUPERIOR (CONES),CONES,PIRIBEBUY 460 CASI ALBERDI  ASUNCIÓN- PARAGUAY,021 450 927,WWW.CONES.GOV.PY,http://datos.sfp.gov.py/id/oee/23/29/1
23,ENTES AUTONOMOS Y AUTARQUICOS,30,AGENCIA NACIONAL DE EVALUACION Y ACREDITACION DE LA EDUCACION SUPERIOR,1,AGENCIA NACIONAL DE EVALUACION Y ACREDITACION DE LA EDUCACION SUPERIOR (ANEAES),ANEAES,YEGROS N° 930 ENTRE MANUEL DOMÍNGUEZ Y TENIENTE FARIÑA,+595 21 494 940,HTTP://WWW.ANEAES.GOV.PY/ANEAES,http://datos.sfp.gov.py/id/oee/23/30/1
23,ENTES AUTONOMOS Y AUTARQUICOS,31,AUTORIDAD REGULADORA RADIOLOGICA Y NUCLEAR,1,AUTORIDAD REGULADORA RADIOLOGICA Y NUCLEAR (ARRN),ARRN,SALA 3 Y 4 - CENTRO DE CONVENCIONES DEL RECTORADO UNA - CAMPUS UNIVERSITARIO DE LA UNIVERSIDAD NACIONAL DE ASUNCIÓN (UNA),(+595 21) 326-4523,HTTP://WWW.ARRN.GOV.PY/,http://datos.sfp.gov.py/id/oee/23/31/1
23,ENTES AUTONOMOS Y AUTARQUICOS,32,SECRETARIA NACIONAL DE INTELIGENCIA,1,SECRETARIA NACIONAL DE INTELIGENCIA (SNI),SNI,,,,http://datos.sfp.gov.py/id/oee/23/32/1
23,ENTES AUTONOMOS Y AUTARQUICOS,34,INSTITUTO NACIONAL DE EDUCACIÓN SUPERIOR,1,INSTITUTO NACIONAL DE EDUCACIÓN SUPERIOR,INAES,,,,http://datos.sfp.gov.py/id/oee/23/34/1
23,ENTES AUTONOMOS Y AUTARQUICOS,35,"DIRECCIÓN NACIONAL DE DEFENSA, SALUD Y BIENESTAR ANIMAL",1,"DIRECCIÓN NACIONAL DE DEFENSA, SALUD Y BIENESTAR ANIMAL",DIDESANI,,,,http://datos.sfp.gov.py/id/oee/23/35/1
23,ENTES AUTONOMOS Y AUTARQUICOS,36,INSTITUTO NACIONAL DE ESTADISTICAS,1,INSTITUTO NACIONAL DE ESTADISTICAS,INE,"OFICINA CENTRAL: NACIONES UNIDAS E/CENTENO FERNANDO DE LA MORA, ZONA NORTE - CENTRAL",(595 21) 677-920,HTTPS://WWW.INE.GOV.PY/,http://datos.sfp.gov.py/id/oee/23/36/1
23,ENTES AUTONOMOS Y AUTARQUICOS,37,INSTITUTO NACIONAL DEL AUDIOVISUAL  PARAGUAYO,1,INSTITUTO NACIONAL DEL AUDIOVISUAL PARAGUAYO,INAP,,,,http://datos.sfp.gov.py/id/oee/23/37/1
23,ENTES AUTONOMOS Y AUTARQUICOS,38,DIRECCIÓN NACIONAL DE VIGILANCIA SANITARIA,1,DIRECCIÓN NACIONAL DE VIGILANCIA SANITARIA,DINAVISA,,,,http://datos.sfp.gov.py/id/oee/23/38/1
23,ENTES AUTONOMOS Y AUTARQUICOS,39,DIRECCIÓN NACIONAL DE MIGRACIONES,1,DIRECCIÓN NACIONAL DE MIGRACIONES,DNM,,,,http://datos.sfp.gov.py/id/oee/23/39/1
23,ENTES AUTONOMOS Y AUTARQUICOS,40,DIRECCIÓN NACIONAL DE INGRESOS TRIBUTARIOS,1,DIRECCIÓN NACIONAL DE INGRESOS TRIBUTARIOS,DNIT,,,,http://datos.sfp.gov.py/id/oee/23/40/1
24,ENTIDADES PUBLICAS DE SEGURIDAD SOCIAL,1,INSTITUTO DE PREVISION SOCIAL,1,INSTITUTO DE PREVISION SOCIAL (IPS),IPS,HERRERA Y CONSTITUCIÓN - EDIFICIO DE LA CAJA CENTRAL,+59521 223-141/3 Linea Gratuita 0800-11-5000,HTTP://WWW.IPS.GOV.PY,http://datos.sfp.gov.py/id/oee/24/1/1
24,ENTIDADES PUBLICAS DE SEGURIDAD SOCIAL,2,CAJA DE SEGURIDAD SOCIAL DE EMPLEADOS Y OBREROS FERROVIARIOS,1,CAJA DE SEGURIDAD SOCIAL DE EMPLEADOS Y OBREROS FERROVIARIOS,CSSEOF,TACUARY N° 149,021 448673,,http://datos.sfp.gov.py/id/oee/24/2/1
24,ENTIDADES PUBLICAS DE SEGURIDAD SOCIAL,3,CAJA DE JUBILACIONES Y PENSIONES DEL PERSONAL DE LA ANDE,1,CAJA DE JUBILACIONES Y PENSIONES DEL PERSONAL DE LA ANDE,CJPPA,"PADRE CARDOZO 355, ENTRE AV. ESPAÑA Y LAS RESIDENTAS. ASUNCIÓN ? PARAGUAY",(021)-20-90-90,HTTP://WWW.CAJAANDE.GOV.PY/,http://datos.sfp.gov.py/id/oee/24/3/1
24,ENTIDADES PUBLICAS DE SEGURIDAD SOCIAL,4,CAJA DE JUBILACIONES Y PENSIONES DE EMPLEADOS BANCARIOS,1,CAJA DE JUBILACIONES Y PENSIONES DE EMPLEADOS DE BANCOS Y AFINES,CJPEB,HUMAITA 357 E/CHILE Y ALBERDI,(021) 492 051,HTTP://WWW.CAJABANCARIA.GOV.PY/V2/,http://datos.sfp.gov.py/id/oee/24/4/1
24,ENTIDADES PUBLICAS DE SEGURIDAD SOCIAL,5,CAJA DE JUBILACIONES Y PENSIONES DEL PERSONAL MUNICIPAL,1,CAJA DE JUBILACIONES Y PENSIONES DEL PERSONAL MUNICIPAL (CJPPM),CAJPPM,BENJAMIN CONSTANT 955 C/ COLON Y MONTEVIDEO,021-497189,HTTP://WWW.CJPPM.GOV.PY,http://datos.sfp.gov.py/id/oee/24/5/1
25,EMPRESAS PUBLICAS,2,ADMINISTRACION NACIONAL DE ELECTRICIDAD,1,ADMINISTRACION NACIONAL DE ELECTRICIDAD (ANDE),ANDE,ESPAÑA 1268 CASI PADRE CARDOZO,+595 21 211001 /20,HTTP://WWW.ANDE.GOV.PY/,http://datos.sfp.gov.py/id/oee/25/2/1
25,EMPRESAS PUBLICAS,4,ADMINISTRACION NACIONAL DE NAVEGACION Y PUERTOS,1,ADMINISTRACION NACIONAL DE NAVEGACION Y PUERTOS (ANNP),ANNP,EL PARAGUAYO INDEPENDIENTE Y COLON,+595 21 439 2000,HTTP://WWW.ANNP.GOV.PY/,http://datos.sfp.gov.py/id/oee/25/4/1
25,EMPRESAS PUBLICAS,5,DIRECCION NACIONAL DE AERONAUTICA CIVIL,1,DIRECCION NACIONAL DE AERONAUTICA CIVIL (DINAC),DINAC,"AVDA. MCAL. LÓPEZ E/VICE PDTE. SÁNCHEZ Y 22 DE SETIEMBRE, 2DO. PISO",+59521 203615,HTTP://WWW.DINAC.GOV.PY/,http://datos.sfp.gov.py/id/oee/25/5/1
25,EMPRESAS PUBLICAS,6,PETROLEOS PARAGUAYOS,1,PETROLEOS PARAGUAYOS (PETROPAR),PETROPAR,CHILE NRO. 753 CASI EDUARDO V. HAEDO,+595 21 448503,HTTP://WWW.PETROPAR.GOV.PY/,http://datos.sfp.gov.py/id/oee/25/6/1
25,EMPRESAS PUBLICAS,7,INDUSTRIA NACIONAL DEL CEMENTO,1,INDUSTRIA NACIONAL DEL CEMENTO (INC),INC,TTE. ALCORTA C/ AVDA. FERNANDO DE LA MORA,+595 (021) 557-417,HTTP://WWW.INC.GOV.PY/,http://datos.sfp.gov.py/id/oee/25/7/1
27,ENTIDADES FINANCIERAS OFICIALES,1,BANCO NACIONAL DE FOMENTO (BNF),1,BANCO NACIONAL DE FOMENTO (BNF),BNF,Independencia Nacional esq. Cerro Corá,(+595 21) 419 1000,http://www.bnf.gov.py/,http://datos.sfp.gov.py/id/oee/27/1/1
27,ENTIDADES FINANCIERAS OFICIALES,3,CREDITO AGRICOLA DE HABILITACIÓN,1,CREDITO AGRICOLA DE HABILITACION (CAH),CAH,CARIOS 362 CASI WILLIAM RICHARDSON,595215690100,HTTP://WWW.CAH.GOV.PY/,http://datos.sfp.gov.py/id/oee/27/3/1
27,ENTIDADES FINANCIERAS OFICIALES,4,FONDO GANADERO,1,FONDO GANADERO (FG),FGAN,AVDA. MCAL. LÓPEZ 1699 ESQ. REPÚBLICA DOMINICANA,+59521 227 288,HTTP://WWW.FONDOGAN.GOV.PY/,http://datos.sfp.gov.py/id/oee/27/4/1
27,ENTIDADES FINANCIERAS OFICIALES,5,CAJA DE PRESTAMOS DEL MINISTERIO DE DEFENSA NACIONAL,1,CAJA DE PRESTAMOS DEL MINISTERIO DE DEFENSA NACIONAL (CPMDN),CPMDN,,,HTTP://CAJADEPRESTAMOS.MDN.GOV.PY/,http://datos.sfp.gov.py/id/oee/27/5/1
27,ENTIDADES FINANCIERAS OFICIALES,7,AGENCIA FINANCIERA DE DESARROLLO,1,AGENCIA FINANCIERA DE DESARROLLO (AFD),AFD,"HERIB CAMPOS CERVERA 886 C/ AVIADORES DEL CHACO - EDIFICIO AUSTRALIA, 3ER. Y 4TO. PISO",(595-21) 606 020,HTTP://WWW.AFD.GOV.PY/,http://datos.sfp.gov.py/id/oee/27/7/1
28,UNIVERSIDADES NACIONALES,1,UNIVERSIDAD NACIONAL DE ASUNCIÓN,1,UNA RECTORADO (RECTORADO UNA),UNA,RUTA 1 MCAL. ESTIGARRIBIA KM 11 - CAMPUS UNIVERSITARIO - SAN LORENZO - PARAGUAY,(021) 585 540,HTTP://WWW.UNA.PY/,http://datos.sfp.gov.py/id/oee/28/1/1
28,UNIVERSIDADES NACIONALES,1,UNIVERSIDAD NACIONAL DE ASUNCIÓN,2,FACULTAD DE ENFERMERIA Y OBSTETRICIA,FENOB,CRUZADA DE LA AMISTAD CASI 5 DE ENERO - SAN LORENZO,021 520 532,HTTP://WWW.IAB.UNA.PY/,http://datos.sfp.gov.py/id/oee/28/1/2
28,UNIVERSIDADES NACIONALES,1,UNIVERSIDAD NACIONAL DE ASUNCIÓN,3,COLEGIO EXPERIMENTAL PARAGUAY-BRASIL (CEPB),CEPYBR,CMTE. GAMARRA Y GDOR. IRALA - ITÁ PYTÁ PUNTA,021 423 315,HTTP://WWW.CEPB.UNA.PY/,http://datos.sfp.gov.py/id/oee/28/1/3
28,UNIVERSIDADES NACIONALES,1,UNIVERSIDAD NACIONAL DE ASUNCIÓN,4,FACULTAD DE CIENCIAS AGRARIAS (FCA-UNA),FCA,RUTA 1 MCAL. ESTIGARRIBIA KM 11 - CAMPUS UNIVERSITARIO - SAN LORENZO - PARAGUAY,(021) 585 606,HTTP://WWW.AGR.UNA.PY/,http://datos.sfp.gov.py/id/oee/28/1/4
28,UNIVERSIDADES NACIONALES,1,UNIVERSIDAD NACIONAL DE ASUNCIÓN,5,UNA FACULTAD CIENCIAS EXACTAS Y NATURALES (FACEN),FACEN,"ACCESO AVDA. MCAL. LOPEZ A CAMPUS UNA, SAN LORENZO",(021) 585 600,HTTP://WWW.FACEN.UNA.PY/,http://datos.sfp.gov.py/id/oee/28/1/5
28,UNIVERSIDADES NACIONALES,1,UNIVERSIDAD NACIONAL DE ASUNCIÓN,6,"UNA FACULTAD DE ARQUITECTURA, DISENO Y ARTE",FADA,RUTA 1 MCAL. ESTIGARRIBIA KM 11 - CAMPUS UNIVERSITARIO - SAN LORENZO - PARAGUAY,(021) 585 558,HTTP://WWW.FADA.UNA.PY/,http://datos.sfp.gov.py/id/oee/28/1/6
30,MUNICIPALIDADES,1,DEPARTAMENTO DE CONCEPCION,524,MUNICIPALIDAD DE ARROYITO,ARROYITO,,,,http://datos.sfp.gov.py/id/oee/30/1/524
28,UNIVERSIDADES NACIONALES,1,UNIVERSIDAD NACIONAL DE ASUNCIÓN,7,FACULTAD DE CIENCIAS ECONOMICAS (FCE),FCE,RUTA 1 MCAL. ESTIGARRIBIA KM 11 - CAMPUS UNIVERSITARIO - SAN LORENZO - PARAGUAY,(021) 585 566,HTTP://WWW.ECO.UNA.PY/,http://datos.sfp.gov.py/id/oee/28/1/7
28,UNIVERSIDADES NACIONALES,1,UNIVERSIDAD NACIONAL DE ASUNCIÓN,8,FACULTAD DE CIENCIAS MEDICAS (FCM),FCM,"FACULTAD DE CIENCIAS MÉDICAS, HOSPITAL DE CLÍNICAS - MARISCAL LOPEZ Y CNEL. CAZAL - SAN LORENZO",(021) 481549,HTTP://WWW.MED.UNA.PY/,http://datos.sfp.gov.py/id/oee/28/1/8
28,UNIVERSIDADES NACIONALES,1,UNIVERSIDAD NACIONAL DE ASUNCIÓN,9,FACULTAD DE CIENCIAS QUIMICAS (FCQ),FCQ,RUTA 1 MCAL. ESTIGARRIBIA KM 11 - CAMPUS UNIVERSITARIO - SAN LORENZO - PARAGUAY,(021) 585 562,WWW.QUI.UNA.PY,http://datos.sfp.gov.py/id/oee/28/1/9
28,UNIVERSIDADES NACIONALES,1,UNIVERSIDAD NACIONAL DE ASUNCIÓN,10,FACULTAD DE DERECHO Y CIENCIAS SOCIALES (FDCS),FDCS,AVDA. SANTISIMA TRINIDAD CASI CONGRESO DE COLOMBIA.,2885000,HTTP://WWW.DER.UNA.PY/,http://datos.sfp.gov.py/id/oee/28/1/10
28,UNIVERSIDADES NACIONALES,1,UNIVERSIDAD NACIONAL DE ASUNCIÓN,11,FACULTAD DE FILOSOFIA (FIL),FIL,CMTE. GAMARRA Y GDOR. IRALA - ITÁ PYTÁ PUNTA,(021) 421 329,HTTP://WWW.FIL.UNA.PY/,http://datos.sfp.gov.py/id/oee/28/1/11
28,UNIVERSIDADES NACIONALES,1,UNIVERSIDAD NACIONAL DE ASUNCIÓN,12,FACULTAD DE INGENIERIA (FIUNA),FIUNA,RUTA 1 MCAL. ESTIGARRIBIA KM 11 - CAMPUS UNIVERSITARIO - SAN LORENZO - PARAGUAY,+595 21 585 581,HTTP://WWW.ING.UNA.PY/,http://datos.sfp.gov.py/id/oee/28/1/12
28,UNIVERSIDADES NACIONALES,1,UNIVERSIDAD NACIONAL DE ASUNCIÓN,13,FACULTAD DE ODONTOLOGIA (FO),FO,AVDA. ESPAÑA C/ BRASIL,021 207 502,HTTP://WWW.ODO.UNA.PY/,http://datos.sfp.gov.py/id/oee/28/1/13
28,UNIVERSIDADES NACIONALES,1,UNIVERSIDAD NACIONAL DE ASUNCIÓN,14,FACULTAD DE POLITECNICA (FPUNA),FPUNA,,,http://www.odo.una.py/,http://datos.sfp.gov.py/id/oee/28/1/14
28,UNIVERSIDADES NACIONALES,1,UNIVERSIDAD NACIONAL DE ASUNCIÓN,15,FACULTAD DE CIENCIAS VETERINARIAS (FCV),FCV,RUTA 1 MCAL. ESTIGARRIBIA KM 11 - CAMPUS UNIVERSITARIO - SAN LORENZO - PARAGUAY,021 585576/7,HTTP://WWW.VET.UNA.PY/WEB/,http://datos.sfp.gov.py/id/oee/28/1/15
28,UNIVERSIDADES NACIONALES,1,UNIVERSIDAD NACIONAL DE ASUNCIÓN,16,INSTITUTO DE INVESTIGACIONES EN CIENCIAS DE LA SALUD (IICS),IICS,"CECILI BAEZ CASI DR. GASPAR VILLAMAYOR - CAMPUS UNIVERSITARIO, ACCESO MARISCAL LOPEZ - SAN LORENZO",0981342399,HTTP://WWW.IICS.UNA.PY/,http://datos.sfp.gov.py/id/oee/28/1/16
28,UNIVERSIDADES NACIONALES,1,UNIVERSIDAD NACIONAL DE ASUNCIÓN,17,FACULTAD DE CIENCIAS SOCIALES,FACSO,,,HTTP://WWW.FACSO.UNA.PY/,http://datos.sfp.gov.py/id/oee/28/1/17
28,UNIVERSIDADES NACIONALES,2,UNIVERSIDAD NACIONAL DEL ESTE,1,UNIVERSIDAD NACIONAL DEL ESTE (UNE),UNE,"CAMPUS KM 8 ACARAY, CALLE UNIVERSIDAD NACIONAL DEL ESTE Y RCA. DEL PARAGUAY - BARRIO SAN JUAN CIUDAD DEL ESTE ALTO PARANÁ -",+595 61575478,HTTP://WWW.UNE.EDU.PY/,http://datos.sfp.gov.py/id/oee/28/2/1
28,UNIVERSIDADES NACIONALES,3,UNIVERSIDAD NACIONAL DE PILAR,1,UNIVERSIDAD NACIONAL DE PILAR (UNP),UNP,,,HTTP://UNP.EDU.PY/,http://datos.sfp.gov.py/id/oee/28/3/1
28,UNIVERSIDADES NACIONALES,4,UNIVERSIDAD NACIONAL DE ITAPÚA,1,UNIVERSIDAD NACIONAL DE ITAPUA (UNI),UNI,,,HTTP://WWW.UNI.EDU.PY/,http://datos.sfp.gov.py/id/oee/28/4/1
28,UNIVERSIDADES NACIONALES,5,UNIVERSIDAD NACIONAL DE CONCEPCIÓN,1,UNIVERSIDAD NACIONAL DE CONCEPCION (UNC),UNCON,,,HTTP://WWW.UNC.EDU.PY/,http://datos.sfp.gov.py/id/oee/28/5/1
28,UNIVERSIDADES NACIONALES,6,UNIVERSIDAD NACIONAL DE VILLARRICA DEL ESPIRITU SANTO,1,UNIVERSIDAD NACIONAL DE VILLARRICA DEL ESPIRITU SANTO (UNVES),UNVES,,,HTTP://WWW.UNVES.EDU.PY/,http://datos.sfp.gov.py/id/oee/28/6/1
28,UNIVERSIDADES NACIONALES,7,UNIVERSIDAD NACIONAL DE CAAGUAZU,1,UNIVERSIDAD NACIONAL DE CAAGUAZU (UNCAA),UNCA,,,HTTP://WWW.UNCA.EDU.PY/,http://datos.sfp.gov.py/id/oee/28/7/1
28,UNIVERSIDADES NACIONALES,8,UNIVERSIDAD NACIONAL DE CANINDEYU,1,UNIVERSIDAD NACIONAL DE CANINDEYU (UNCAN),UNICAN,,,HTTP://WWW.UNICAN.EDU.PY/,http://datos.sfp.gov.py/id/oee/28/8/1
28,UNIVERSIDADES NACIONALES,9,UNIVERSIDAD POLITECNICA TAIWAN-PARAGUAY,9,UNIVERSIDAD POLITECNICA TAIWAN-PARAGUAY,UNIPOL,,,,http://datos.sfp.gov.py/id/oee/28/9/9
28,UNIVERSIDADES NACIONALES,10,UNIVERSIDAD NACIONAL DE MISIONES,1,UNIVERSIDAD NACIONAL DE  MISIONES,UNAMIS,,,,http://datos.sfp.gov.py/id/oee/28/10/1
30,MUNICIPALIDADES,0,MUNICIPALIDAD DE ASUNCION,1,MUNICIPALIDAD DE ASUNCION,MASUN,,,HTTP://WWW.MCA.GOV.PY/,http://datos.sfp.gov.py/id/oee/30/0/1
30,MUNICIPALIDADES,1,DEPARTAMENTO DE CONCEPCION,2,MUNICIPALIDAD DE CONCEPCION,MCONC,,,,http://datos.sfp.gov.py/id/oee/30/1/2
30,MUNICIPALIDADES,1,DEPARTAMENTO DE CONCEPCION,3,MUNICIPALIDAD DE  BELEN,MBEL,,,HTTP://WWW.MUNICIPALIDADBELEN.GOV.PY/,http://datos.sfp.gov.py/id/oee/30/1/3
30,MUNICIPALIDADES,1,DEPARTAMENTO DE CONCEPCION,4,MUNICIPALIDAD DE HORQUETA,MHOR,,,http://desdehorqueta.com,http://datos.sfp.gov.py/id/oee/30/1/4
30,MUNICIPALIDADES,1,DEPARTAMENTO DE CONCEPCION,5,MUNICIPALIDAD DE LORETO,MLOR,,,http://www.municipalidadloreto.gov.py/,http://datos.sfp.gov.py/id/oee/30/1/5
30,MUNICIPALIDADES,1,DEPARTAMENTO DE CONCEPCION,6,MUNICIPALIDAD DE SAN LAZARO,MSLAZ,,,HTTP://WWW.MUNICIPALIDADSANLAZARO.GOV.PY/,http://datos.sfp.gov.py/id/oee/30/1/6
30,MUNICIPALIDADES,1,DEPARTAMENTO DE CONCEPCION,7,MUNICIPALIDAD DE YBYYAU,MYBY,,,http://www.municipalidadybyyau.gov.py/,http://datos.sfp.gov.py/id/oee/30/1/7
30,MUNICIPALIDADES,1,DEPARTAMENTO DE CONCEPCION,237,MUNICIPALIDAD DE SAN CARLOS DEL APA,MSCA,,,http://www.municipalidadsancarlosdelapa.gov.py/index.html,http://datos.sfp.gov.py/id/oee/30/1/237
30,MUNICIPALIDADES,1,DEPARTAMENTO DE CONCEPCION,238,MUNICIPALIDAD DE AZOTEY,MAZOTEY,,,,http://datos.sfp.gov.py/id/oee/30/1/238
30,MUNICIPALIDADES,1,DEPARTAMENTO DE CONCEPCION,241,MUNICIPALIDAD DE SARGENTO JOSE FELIX LOPEZ,MSJFL,,,,http://datos.sfp.gov.py/id/oee/30/1/241
30,MUNICIPALIDADES,1,DEPARTAMENTO DE CONCEPCION,248,MUNICIPALIDAD DE PASO BARRETO,MPB,,,http://www.municipalidadpasobarreto.gov.py/,http://datos.sfp.gov.py/id/oee/30/1/248
30,MUNICIPALIDADES,1,DEPARTAMENTO DE CONCEPCION,249,MUNICIPALIDAD DE SAN ALFREDO,SAN ALFREDO,,,,http://datos.sfp.gov.py/id/oee/30/1/249
30,MUNICIPALIDADES,1,DEPARTAMENTO DE CONCEPCION,257,MUNICIPALIDAD DE PASO HORQUETA,MPH,,,,http://datos.sfp.gov.py/id/oee/30/1/257
30,MUNICIPALIDADES,1,DEPARTAMENTO DE CONCEPCION,263,MUNICIPALIDAD DE ITACUA,MI,,,,http://datos.sfp.gov.py/id/oee/30/1/263
30,MUNICIPALIDADES,2,DEPARTAMENTO DE SAN PEDRO,8,MUNICIPALIDAD DE SAN PEDRO DEL YCUAMANDIYU,MSPYCUA,,,http://www.munisanpedro.gov.py/,http://datos.sfp.gov.py/id/oee/30/2/8
30,MUNICIPALIDADES,2,DEPARTAMENTO DE SAN PEDRO,9,MUNICIPALIDAD DE ANTEQUERA,MANTQ,,,,http://datos.sfp.gov.py/id/oee/30/2/9
30,MUNICIPALIDADES,2,DEPARTAMENTO DE SAN PEDRO,10,MUNICIPALIDAD DE CHORE,MCHORE,,,,http://datos.sfp.gov.py/id/oee/30/2/10
30,MUNICIPALIDADES,2,DEPARTAMENTO DE SAN PEDRO,11,MUNICIPALIDAD DE GRAL.ELIZARDO AQUINO,MGEA,,,,http://datos.sfp.gov.py/id/oee/30/2/11
30,MUNICIPALIDADES,2,DEPARTAMENTO DE SAN PEDRO,12,MUNICIPALIDAD DE ITACURUBI  DEL ROSARIO,MIDR,,,http://itacurubidelrosario.jimdo.com/,http://datos.sfp.gov.py/id/oee/30/2/12
30,MUNICIPALIDADES,2,DEPARTAMENTO DE SAN PEDRO,13,MUNICIPALIDAD DE LIMA,MLIMA,,,http://www.lima.gov.py/,http://datos.sfp.gov.py/id/oee/30/2/13
30,MUNICIPALIDADES,2,DEPARTAMENTO DE SAN PEDRO,14,MUNICIPALIDAD DE NUEVA GERMANIA,MNG,,,,http://datos.sfp.gov.py/id/oee/30/2/14
30,MUNICIPALIDADES,2,DEPARTAMENTO DE SAN PEDRO,15,MUNICIPALIDAD DE SAN ESTANISLAO,MSEST,,,,http://datos.sfp.gov.py/id/oee/30/2/15
30,MUNICIPALIDADES,2,DEPARTAMENTO DE SAN PEDRO,16,MUNICIPALIDAD DE YRYBUCUA,MYRY,,,,http://datos.sfp.gov.py/id/oee/30/2/16
30,MUNICIPALIDADES,2,DEPARTAMENTO DE SAN PEDRO,17,MUNICIPALIDAD DE SAN PABLO,MSP,,,,http://datos.sfp.gov.py/id/oee/30/2/17
30,MUNICIPALIDADES,2,DEPARTAMENTO DE SAN PEDRO,18,MUNICIPALIDAD DE TACUATI,MTACUA,,,,http://datos.sfp.gov.py/id/oee/30/2/18
30,MUNICIPALIDADES,2,DEPARTAMENTO DE SAN PEDRO,19,MUNICIPALIDAD DE UNION,MUNION,,,,http://datos.sfp.gov.py/id/oee/30/2/19
30,MUNICIPALIDADES,2,DEPARTAMENTO DE SAN PEDRO,20,MUNICIPALIDAD DE 25 DE DICIEMBRE,M25DIC,,,,http://datos.sfp.gov.py/id/oee/30/2/20
30,MUNICIPALIDADES,2,DEPARTAMENTO DE SAN PEDRO,21,MUNICIPALIDAD DE VILLA DEL ROSARIO,MVDR,,,www.munivilladelrosario.com,http://datos.sfp.gov.py/id/oee/30/2/21
30,MUNICIPALIDADES,2,DEPARTAMENTO DE SAN PEDRO,22,MUNICIPALIDAD DE GRAL. F. RESQUIN,MGRALR,,,,http://datos.sfp.gov.py/id/oee/30/2/22
30,MUNICIPALIDADES,2,DEPARTAMENTO DE SAN PEDRO,23,MUNICIPALIDAD DE YATAITY DEL NORTE,MYDN,,,http://www.muni-yataitydelnorte.wk-soft.com/,http://datos.sfp.gov.py/id/oee/30/2/23
30,MUNICIPALIDADES,2,DEPARTAMENTO DE SAN PEDRO,24,MUNICIPALIDAD DE GUAJAYVI,MGUAJ,,,http://www.muni-guajayvi.wk-soft.com/,http://datos.sfp.gov.py/id/oee/30/2/24
30,MUNICIPALIDADES,2,DEPARTAMENTO DE SAN PEDRO,25,MUNICIPALIDAD DE CAPIIBARY,MCAPII,,,http://www.muni-capiibary.wk-soft.com,http://datos.sfp.gov.py/id/oee/30/2/25
30,MUNICIPALIDADES,2,DEPARTAMENTO DE SAN PEDRO,26,MUNICIPALIDAD DE SANTA ROSA DEL AGUARAY,MSRA,,,,http://datos.sfp.gov.py/id/oee/30/2/26
30,MUNICIPALIDADES,2,DEPARTAMENTO DE SAN PEDRO,239,MUNICIPALIDAD DE LIBERACION,MLIB,,,WWW.MUNI-LIBERACION.WK-SOFT.COM,http://datos.sfp.gov.py/id/oee/30/2/239
30,MUNICIPALIDADES,2,DEPARTAMENTO DE SAN PEDRO,253,MUNICIPALIDAD DE SAN VICENTE PANCHOLO,SAN VICENTE,,,,http://datos.sfp.gov.py/id/oee/30/2/253
30,MUNICIPALIDADES,2,DEPARTAMENTO DE SAN PEDRO,260,MUNICIPALIDAD DE SAN JOSE DEL ROSARIO,MSJR,,,,http://datos.sfp.gov.py/id/oee/30/2/260
30,MUNICIPALIDADES,3,DEPARTAMENTO DE CORDILLERA,27,MUNICIPALIDAD DE CAACUPE,MCAAC,,,,http://datos.sfp.gov.py/id/oee/30/3/27
30,MUNICIPALIDADES,3,DEPARTAMENTO DE CORDILLERA,28,MUNICIPALIDAD DE ALTOS,MALTOS,,,,http://datos.sfp.gov.py/id/oee/30/3/28
30,MUNICIPALIDADES,3,DEPARTAMENTO DE CORDILLERA,29,MUNICIPALIDAD DE ARROYOS Y ESTEROS,MARYES,,,,http://datos.sfp.gov.py/id/oee/30/3/29
30,MUNICIPALIDADES,3,DEPARTAMENTO DE CORDILLERA,30,MUNICIPALIDAD DE ATYRA,MATYRA,,,,http://datos.sfp.gov.py/id/oee/30/3/30
30,MUNICIPALIDADES,3,DEPARTAMENTO DE CORDILLERA,31,MUNICIPALIDAD DE CARAGUATAY,MCARAG,,,,http://datos.sfp.gov.py/id/oee/30/3/31
30,MUNICIPALIDADES,3,DEPARTAMENTO DE CORDILLERA,32,MUNICIPALIDAD DE EMBOSCADA,MEMB,,,,http://datos.sfp.gov.py/id/oee/30/3/32
30,MUNICIPALIDADES,3,DEPARTAMENTO DE CORDILLERA,33,MUNICIPALIDAD DE EUSEBIO AYALA,MEUSA,,,http://munieayala.gov.py/,http://datos.sfp.gov.py/id/oee/30/3/33
30,MUNICIPALIDADES,3,DEPARTAMENTO DE CORDILLERA,34,MUNICIPALIDAD DE ISLA PUCU,MIP,,,www.municipalidadislapucu.gov.py,http://datos.sfp.gov.py/id/oee/30/3/34
30,MUNICIPALIDADES,3,DEPARTAMENTO DE CORDILLERA,35,MUNICIPALIDAD DE ITACURUBI DE LA CORDILLERA,MITCOR,,,HTTP://ITACURUBIDELACORDILLERA.GOV.PY,http://datos.sfp.gov.py/id/oee/30/3/35
30,MUNICIPALIDADES,3,DEPARTAMENTO DE CORDILLERA,36,MUNICIPALIDAD DE JUAN DE MENA,MJMENA,,,,http://datos.sfp.gov.py/id/oee/30/3/36
30,MUNICIPALIDADES,3,DEPARTAMENTO DE CORDILLERA,37,MUNICIPALIDAD DE LOMA GRANDE,MLGR,,,,http://datos.sfp.gov.py/id/oee/30/3/37
30,MUNICIPALIDADES,3,DEPARTAMENTO DE CORDILLERA,38,MUNICIPALIDAD DE MBOCAYATY DEL YHAGUY,MMBDY,,,,http://datos.sfp.gov.py/id/oee/30/3/38
30,MUNICIPALIDADES,3,DEPARTAMENTO DE CORDILLERA,39,MUNICIPALIDAD DE NUEVA COLOMBIA,MNCOL,,,,http://datos.sfp.gov.py/id/oee/30/3/39
30,MUNICIPALIDADES,3,DEPARTAMENTO DE CORDILLERA,40,MUNICIPALIDAD DE PIRIBEBUY,MPIR,,,,http://datos.sfp.gov.py/id/oee/30/3/40
30,MUNICIPALIDADES,3,DEPARTAMENTO DE CORDILLERA,41,MUNICIPALIDAD DE PRIMERO DE MARZO,MPMARZ,,,,http://datos.sfp.gov.py/id/oee/30/3/41
30,MUNICIPALIDADES,3,DEPARTAMENTO DE CORDILLERA,42,MUNICIPALIDAD DE SAN BERNARDINO,MSBER,,,http://sanbernardino.gov.py/,http://datos.sfp.gov.py/id/oee/30/3/42
30,MUNICIPALIDADES,3,DEPARTAMENTO DE CORDILLERA,43,MUNICIPALIDAD DE SANTA ELENA,MSE,,,http://santaelena.gov.py,http://datos.sfp.gov.py/id/oee/30/3/43
30,MUNICIPALIDADES,3,DEPARTAMENTO DE CORDILLERA,44,MUNICIPALIDAD DE TOBATI,MTOB,,,http://munitobati.gov.py - https://municipalidadtobati.wordpress.com/institucion/,http://datos.sfp.gov.py/id/oee/30/3/44
30,MUNICIPALIDADES,3,DEPARTAMENTO DE CORDILLERA,45,MUNICIPALIDAD DE VALENZUELA,MVAL,,,http://www.municipalidadvalenzuela.gov.py/,http://datos.sfp.gov.py/id/oee/30/3/45
30,MUNICIPALIDADES,3,DEPARTAMENTO DE CORDILLERA,46,MUNICIPALIDAD DE SAN JOSE OBRERO,MSJO,,,,http://datos.sfp.gov.py/id/oee/30/3/46
30,MUNICIPALIDADES,4,DEPARTAMENTO DE GUAIRA,47,MUNICIPALIDAD DE VILLARRICA DEL ESPIRITU SANTO,MVES,,,HTTP://WWW.VILLARRICA.GOV.PY/,http://datos.sfp.gov.py/id/oee/30/4/47
30,MUNICIPALIDADES,4,DEPARTAMENTO DE GUAIRA,48,MUNICIPALIDAD DE BORJA,MBORJA,,,http://www.muni-borja.wk-soft.com/,http://datos.sfp.gov.py/id/oee/30/4/48
30,MUNICIPALIDADES,4,DEPARTAMENTO DE GUAIRA,49,MUNICIPALIDAD DE CAPITAN MAURICIO JOSE TROCHE,MCMJT,,,www.muni-troche.wk-soft.com/,http://datos.sfp.gov.py/id/oee/30/4/49
30,MUNICIPALIDADES,4,DEPARTAMENTO DE GUAIRA,50,MUNICIPALIDAD DE CORONEL MARTINEZ,MCNELM,,,http://www.muni-coronelmartinez.wk-soft.com,http://datos.sfp.gov.py/id/oee/30/4/50
30,MUNICIPALIDADES,4,DEPARTAMENTO DE GUAIRA,51,MUNICIPALIDAD DE FELIX PEREZ CARDOZO,MFPC,,,http://www.muni-fpcardozo.wk-soft.com/,http://datos.sfp.gov.py/id/oee/30/4/51
30,MUNICIPALIDADES,4,DEPARTAMENTO DE GUAIRA,52,MUNICIPALIDAD DE GRAL. EUGENIO A. GARAY,MGEAG,,,http://www.muni-garay.wk-soft.com/,http://datos.sfp.gov.py/id/oee/30/4/52
30,MUNICIPALIDADES,4,DEPARTAMENTO DE GUAIRA,53,MUNICIPALIDAD DE INDEPENDENCIA,MIND,,,www.muni-independencia.wk-soft.com,http://datos.sfp.gov.py/id/oee/30/4/53
30,MUNICIPALIDADES,4,DEPARTAMENTO DE GUAIRA,54,MUNICIPALIDAD DE ITAPE,MITAPE,,,,http://datos.sfp.gov.py/id/oee/30/4/54
30,MUNICIPALIDADES,4,DEPARTAMENTO DE GUAIRA,55,MUNICIPALIDAD DE ITURBE,MITURBE,,,www.muni-iturbe.wk-soft.com,http://datos.sfp.gov.py/id/oee/30/4/55
30,MUNICIPALIDADES,4,DEPARTAMENTO DE GUAIRA,56,MUNICIPALIDAD DE JOSE A. FASSARDI,MJAF,,,HTTP://WWW.MUNI-FASSARDI.WK-SOFT.COM/,http://datos.sfp.gov.py/id/oee/30/4/56
30,MUNICIPALIDADES,4,DEPARTAMENTO DE GUAIRA,57,MUNICIPALIDAD DE MBOCAYATY DEL GUAIRA,MDMG,MARSCAL ESTIGARRIBIA  Y CONCEPCION,0541260010,www.muni-mbocayaty.wk-soft.com,http://datos.sfp.gov.py/id/oee/30/4/57
30,MUNICIPALIDADES,4,DEPARTAMENTO DE GUAIRA,58,MUNICIPALIDAD DE NATALICIO TALAVERA,MNATA,,,http://www.muni-natalicio.wk-soft.com/,http://datos.sfp.gov.py/id/oee/30/4/58
30,MUNICIPALIDADES,4,DEPARTAMENTO DE GUAIRA,59,MUNICIPALIDAD DE ÑUMI,MÑUMI,,,HTTP://WWW.MUNI-NUMI.WK-SOFT.COM/,http://datos.sfp.gov.py/id/oee/30/4/59
30,MUNICIPALIDADES,4,DEPARTAMENTO DE GUAIRA,60,MUNICIPALIDAD DE SAN SALVADOR,MSSAL,,,http://www.muni-sansalvador.wk-soft.com/,http://datos.sfp.gov.py/id/oee/30/4/60
30,MUNICIPALIDADES,4,DEPARTAMENTO DE GUAIRA,61,MUNICIPALIDAD DE YATAITY DEL GUAIRA,MYATG,,,,http://datos.sfp.gov.py/id/oee/30/4/61
30,MUNICIPALIDADES,4,DEPARTAMENTO DE GUAIRA,62,MUNICIPALIDAD DE DR. BOTRELL,MBOT,,,www.muni-bottrell.wk-soft.com,http://datos.sfp.gov.py/id/oee/30/4/62
30,MUNICIPALIDADES,4,DEPARTAMENTO DE GUAIRA,63,MUNICIPALIDAD DE PASO YOBAI,MPASOY,,,,http://datos.sfp.gov.py/id/oee/30/4/63
30,MUNICIPALIDADES,4,DEPARTAMENTO DE GUAIRA,234,MUNICIPALIDAD DE TEBICUARY,MTEB,,,http://www.muni-tebicuary.wk-soft.com/Default.aspx,http://datos.sfp.gov.py/id/oee/30/4/234
30,MUNICIPALIDADES,5,DEPARTAMENTO DE CAAGUAZU,64,MUNICIPALIDAD DE CORONEL OVIEDO,MCNELO,,,http://www.mco.gov.py/,http://datos.sfp.gov.py/id/oee/30/5/64
30,MUNICIPALIDADES,5,DEPARTAMENTO DE CAAGUAZU,65,MUNICIPALIDAD DE CAAGUAZU,MCAAG,,,http://www.caaguazu.gov.py/,http://datos.sfp.gov.py/id/oee/30/5/65
30,MUNICIPALIDADES,5,DEPARTAMENTO DE CAAGUAZU,66,MUNICIPALIDAD DE CARAYAO,MCARAY,,,http://www.carayao.gov.py,http://datos.sfp.gov.py/id/oee/30/5/66
30,MUNICIPALIDADES,5,DEPARTAMENTO DE CAAGUAZU,67,MUNICIPALIDAD DE DR. CECILIO BAEZ,MDRCB,,,http://www.ceciliobaez.gov.py,http://datos.sfp.gov.py/id/oee/30/5/67
30,MUNICIPALIDADES,5,DEPARTAMENTO DE CAAGUAZU,68,MUNICIPALIDAD DE SANTA.ROSA DEL MBUTUY,MSRDM,,,,http://datos.sfp.gov.py/id/oee/30/5/68
30,MUNICIPALIDADES,5,DEPARTAMENTO DE CAAGUAZU,69,MUNICIPALIDAD DE DR. JUAN MANUEL FRUTOS,MDRJMF,,,,http://datos.sfp.gov.py/id/oee/30/5/69
30,MUNICIPALIDADES,5,DEPARTAMENTO DE CAAGUAZU,70,MUNICIPALIDAD DE REPATRIACION,MREP,,,http://www.municipalidadrepatriacion.com/,http://datos.sfp.gov.py/id/oee/30/5/70
30,MUNICIPALIDADES,5,DEPARTAMENTO DE CAAGUAZU,71,MUNICIPALIDAD DE NUEVA LONDRES,MNUELO,,,http://www.nuevalondres.gov.py,http://datos.sfp.gov.py/id/oee/30/5/71
30,MUNICIPALIDADES,5,DEPARTAMENTO DE CAAGUAZU,72,MUNICIPALIDAD DE SAN JOAQUIN,SAN JOAQUIN,,,http://www.muni-sanjoaquin.wk-soft.com/,http://datos.sfp.gov.py/id/oee/30/5/72
30,MUNICIPALIDADES,5,DEPARTAMENTO DE CAAGUAZU,73,MUNICIPALIDAD DE SAN JOSE DE LOS ARROYOS,SAN JOSE,,,HTTP://WWW.SANJOSE.GOV.PY/,http://datos.sfp.gov.py/id/oee/30/5/73
30,MUNICIPALIDADES,5,DEPARTAMENTO DE CAAGUAZU,74,MUNICIPALIDAD DE YHU,MDEYHU,,,consultoraintegra.com/YHU/index-1.html,http://datos.sfp.gov.py/id/oee/30/5/74
30,MUNICIPALIDADES,5,DEPARTAMENTO DE CAAGUAZU,75,MUNICIPALIDAD DE DR. J. EULOGIO ESTIGARRIBIA,MDRJEE,,,http://www.munidjee.gov.py,http://datos.sfp.gov.py/id/oee/30/5/75
30,MUNICIPALIDADES,5,DEPARTAMENTO DE CAAGUAZU,76,MUNICIPALIDAD DE R.I. 3 CORRALES,MRI3CO,,,http://www.muni-ri3corrales.wk-soft.com/,http://datos.sfp.gov.py/id/oee/30/5/76
30,MUNICIPALIDADES,5,DEPARTAMENTO DE CAAGUAZU,77,MUNICIPALIDAD DE RAUL ARSENIO OVIEDO,MDRAO,,,,http://datos.sfp.gov.py/id/oee/30/5/77
30,MUNICIPALIDADES,5,DEPARTAMENTO DE CAAGUAZU,78,MUNICIPALIDAD DE JOSE DOMINGO OCAMPOS,MJDO,,,http://jdocampos.gov.py/v1/,http://datos.sfp.gov.py/id/oee/30/5/78
30,MUNICIPALIDADES,5,DEPARTAMENTO DE CAAGUAZU,79,MUNICIPALIDAD DE MARISCAL FRANCISCO SOLANO LOPEZ,MDMFSL,,,,http://datos.sfp.gov.py/id/oee/30/5/79
30,MUNICIPALIDADES,5,DEPARTAMENTO DE CAAGUAZU,80,MUNICIPALIDAD DE LA PASTORA,MLPAST,,,http://www.lapastora.gov.py,http://datos.sfp.gov.py/id/oee/30/5/80
30,MUNICIPALIDADES,5,DEPARTAMENTO DE CAAGUAZU,81,MUNICIPALIDAD DE 3 DE FEBRERO,M3DFEB,,,http://www.muni-3defebrero.wk-soft.com/,http://datos.sfp.gov.py/id/oee/30/5/81
30,MUNICIPALIDADES,5,DEPARTAMENTO DE CAAGUAZU,82,MUNICIPALIDAD DE SIMON BOLIVAR,MSBOL,,,,http://datos.sfp.gov.py/id/oee/30/5/82
30,MUNICIPALIDADES,5,DEPARTAMENTO DE CAAGUAZU,83,MUNICIPALIDAD DE VAQUERIA,MVAQUE,,,http://www.municipalidadvaqueria.org,http://datos.sfp.gov.py/id/oee/30/5/83
30,MUNICIPALIDADES,5,DEPARTAMENTO DE CAAGUAZU,233,MUNICIPALIDAD DE TEMBIAPORA,MTEMBI,,,tembiapora.gov.py/,http://datos.sfp.gov.py/id/oee/30/5/233
30,MUNICIPALIDADES,5,DEPARTAMENTO DE CAAGUAZU,243,MUNICIPALIDAD DE NUEVA TOLEDO,NUEVA TOLEDO,,,www.municipalidadnuevatoledo.gov.py,http://datos.sfp.gov.py/id/oee/30/5/243
30,MUNICIPALIDADES,6,DEPARTAMENTO DE CAAZAPA,84,MUNICIPALIDAD DE CAAZAPA,MCAAZ,,,http://www.muni-caazapa.wk-soft.com/,http://datos.sfp.gov.py/id/oee/30/6/84
30,MUNICIPALIDADES,6,DEPARTAMENTO DE CAAZAPA,85,MUNICIPALIDAD DE ABAI,MABAI,,,http://www.muniabai.com/,http://datos.sfp.gov.py/id/oee/30/6/85
30,MUNICIPALIDADES,6,DEPARTAMENTO DE CAAZAPA,86,MUNICIPALIDAD DE BUENA VISTA,MBV,,,http://www.municipalidaddebuenavista.wk-soft.com/Default.aspx,http://datos.sfp.gov.py/id/oee/30/6/86
30,MUNICIPALIDADES,6,DEPARTAMENTO DE CAAZAPA,87,MUNICIPALIDAD DE DR. MOISES BERTONI,MDRMB,,,,http://datos.sfp.gov.py/id/oee/30/6/87
30,MUNICIPALIDADES,6,DEPARTAMENTO DE CAAZAPA,88,MUNICIPALIDAD DE GRAL.MORINIGO,MGRALM,,,http://www.munimorinigo.gov.py,http://datos.sfp.gov.py/id/oee/30/6/88
30,MUNICIPALIDADES,6,DEPARTAMENTO DE CAAZAPA,89,MUNICIPALIDAD DE MACIEL,MACIEL,,,,http://datos.sfp.gov.py/id/oee/30/6/89
30,MUNICIPALIDADES,6,DEPARTAMENTO DE CAAZAPA,90,MUNICIPALIDAD DE SAN JUAN NEPOMUCENO,MSJN,,,,http://datos.sfp.gov.py/id/oee/30/6/90
30,MUNICIPALIDADES,6,DEPARTAMENTO DE CAAZAPA,91,MUNICIPALIDAD DE TAVAI,TAVAI,,,,http://datos.sfp.gov.py/id/oee/30/6/91
30,MUNICIPALIDADES,6,DEPARTAMENTO DE CAAZAPA,92,MUNICIPALIDAD DE FULGENCIO YEGROS,YEGROS,,,http://www.muni-yegros.wk-soft.com/,http://datos.sfp.gov.py/id/oee/30/6/92
30,MUNICIPALIDADES,6,DEPARTAMENTO DE CAAZAPA,93,MUNICIPALIDAD DE YUTY,MDY,14 DE MAYO Y CORONEL MARTINEZ - YUTY - PARAGUAY,0547257445,,http://datos.sfp.gov.py/id/oee/30/6/93
30,MUNICIPALIDADES,6,DEPARTAMENTO DE CAAZAPA,245,MUNICIPALIDAD DE 3 DE MAYO,MD3M,,,http://www.muni3demayo.gov.py/,http://datos.sfp.gov.py/id/oee/30/6/245
30,MUNICIPALIDADES,7,DEPARTAMENTO DE ITAPUA,94,MUNICIPALIDAD DE ENCARNACION,MENCAR,,,HTTP://WWW.ENCARNACION.GOV.PY/HOME/,http://datos.sfp.gov.py/id/oee/30/7/94
30,MUNICIPALIDADES,7,DEPARTAMENTO DE ITAPUA,95,MUNICIPALIDAD DE BELLA VISTA,MBELLV,,,www.bellavista.gov.py/,http://datos.sfp.gov.py/id/oee/30/7/95
30,MUNICIPALIDADES,7,DEPARTAMENTO DE ITAPUA,96,MUNICIPALIDAD DE CAMBYRETA,CAMBYRETA,,,www.cambyreta.gov.py/,http://datos.sfp.gov.py/id/oee/30/7/96
30,MUNICIPALIDADES,7,DEPARTAMENTO DE ITAPUA,97,MUNICIPALIDAD DE CAPITAN MEZA,MCAPM,,,www.capitanmeza.gov.py,http://datos.sfp.gov.py/id/oee/30/7/97
30,MUNICIPALIDADES,7,DEPARTAMENTO DE ITAPUA,98,MUNICIPALIDAD DE CAPITAN MIRANDA,MCMIR,,,www.capitanmiranda.gov.py,http://datos.sfp.gov.py/id/oee/30/7/98
30,MUNICIPALIDADES,7,DEPARTAMENTO DE ITAPUA,99,MUNICIPALIDAD DE NUEVA ALBORADA,MNALB,,,,http://datos.sfp.gov.py/id/oee/30/7/99
30,MUNICIPALIDADES,7,DEPARTAMENTO DE ITAPUA,100,MUNICIPALIDAD DE CARMEN DEL PARANA,MCPAR,,,WWW.MUNICIPALIDADDECARMENDELPARANA.COM,http://datos.sfp.gov.py/id/oee/30/7/100
30,MUNICIPALIDADES,7,DEPARTAMENTO DE ITAPUA,101,MUNICIPALIDAD DE CORONEL BOGADO,MCNELB,,,www.bogado.gov.py,http://datos.sfp.gov.py/id/oee/30/7/101
30,MUNICIPALIDADES,7,DEPARTAMENTO DE ITAPUA,102,MUNICIPALIDAD DE CARLOS ANTONIO LOPEZ,MCAL,ITAPUA PARAGUAY,067120338,,http://datos.sfp.gov.py/id/oee/30/7/102
30,MUNICIPALIDADES,7,DEPARTAMENTO DE ITAPUA,103,MUNICIPALIDAD DE NATALIO,MNAT,,,,http://datos.sfp.gov.py/id/oee/30/7/103
30,MUNICIPALIDADES,7,DEPARTAMENTO DE ITAPUA,104,MUNICIPALIDAD DE FRAM,MFRAM,,,www.municipalidaddefram.gov.py,http://datos.sfp.gov.py/id/oee/30/7/104
30,MUNICIPALIDADES,7,DEPARTAMENTO DE ITAPUA,105,MUNICIPALIDAD DE GENERAL ARTIGAS,MGRALA,,,http://municipalidadgeneralartigas.com/,http://datos.sfp.gov.py/id/oee/30/7/105
30,MUNICIPALIDADES,7,DEPARTAMENTO DE ITAPUA,106,MUNICIPALIDAD DE GENERAL DELGADO,MGRALD,,,,http://datos.sfp.gov.py/id/oee/30/7/106
30,MUNICIPALIDADES,7,DEPARTAMENTO DE ITAPUA,107,MUNICIPALIDAD DE HOHENAU,MDH,,,www.hohenau.gov.py/,http://datos.sfp.gov.py/id/oee/30/7/107
30,MUNICIPALIDADES,7,DEPARTAMENTO DE ITAPUA,108,MUNICIPALIDAD DE JESUS,MDJ,,,,http://datos.sfp.gov.py/id/oee/30/7/108
30,MUNICIPALIDADES,7,DEPARTAMENTO DE ITAPUA,109,MUNICIPALIDAD DE JOSE LEANDRO OVIEDO,MJLO,,,HTTP://WWW.LEANDROOVIEDO.GOV.PY/,http://datos.sfp.gov.py/id/oee/30/7/109
30,MUNICIPALIDADES,7,DEPARTAMENTO DE ITAPUA,110,MUNICIPALIDAD DE OBLIGADO,MDO,,,www.obligado.gov.py,http://datos.sfp.gov.py/id/oee/30/7/110
30,MUNICIPALIDADES,7,DEPARTAMENTO DE ITAPUA,111,MUNICIPALIDAD DE MAYOR OTAÑO,MMO,,,,http://datos.sfp.gov.py/id/oee/30/7/111
30,MUNICIPALIDADES,7,DEPARTAMENTO DE ITAPUA,112,MUNICIPALIDAD DE SAN COSME Y SAN DAMIAN,SAN COSME,,,www.sancosme.gov.py,http://datos.sfp.gov.py/id/oee/30/7/112
30,MUNICIPALIDADES,7,DEPARTAMENTO DE ITAPUA,113,MUNICIPALIDAD DE SAN PEDRO DEL PARANA,MSPDP,,,www.sanpedrodelparana.gov.py,http://datos.sfp.gov.py/id/oee/30/7/113
30,MUNICIPALIDADES,7,DEPARTAMENTO DE ITAPUA,114,MUNICIPALIDAD DE SAN RAFAEL DEL PARANA,MDSRDP,ITAPUA PARAGUAY,0213290154,http://sanrafaeldelparana.gov.py/,http://datos.sfp.gov.py/id/oee/30/7/114
30,MUNICIPALIDADES,7,DEPARTAMENTO DE ITAPUA,115,MUNICIPALIDAD DE TRINIDAD,MTRI,,,,http://datos.sfp.gov.py/id/oee/30/7/115
30,MUNICIPALIDADES,7,DEPARTAMENTO DE ITAPUA,116,MUNICIPALIDAD DE EDELIRA,MEDEL,,,www.edelira.gov.py/,http://datos.sfp.gov.py/id/oee/30/7/116
30,MUNICIPALIDADES,7,DEPARTAMENTO DE ITAPUA,117,MUNICIPALIDAD DE TOMAS ROMERO PEREIRA,TOMAS ROMERO,,,http://www.munitrp.gov.py/v1/,http://datos.sfp.gov.py/id/oee/30/7/117
30,MUNICIPALIDADES,7,DEPARTAMENTO DE ITAPUA,118,MUNICIPALIDAD DE ALTO VERA,MAV,,,,http://datos.sfp.gov.py/id/oee/30/7/118
30,MUNICIPALIDADES,7,DEPARTAMENTO DE ITAPUA,119,MUNICIPALIDAD DE LA PAZ,MDLPAZ,,,www.lapaz.gov.py,http://datos.sfp.gov.py/id/oee/30/7/119
30,MUNICIPALIDADES,7,DEPARTAMENTO DE ITAPUA,120,MUNICIPALIDAD DE YATYTAY,MYAT,,,http://municipalidad-de-yatytay.webnode.es/,http://datos.sfp.gov.py/id/oee/30/7/120
30,MUNICIPALIDADES,7,DEPARTAMENTO DE ITAPUA,121,MUNICIPALIDAD DE SAN JUAN DEL PARANA,MSJPAR,,,,http://datos.sfp.gov.py/id/oee/30/7/121
30,MUNICIPALIDADES,7,DEPARTAMENTO DE ITAPUA,122,MUNICIPALIDAD DE PIRAPO,MPIRA,,,http://www.pirapo.gov.py/,http://datos.sfp.gov.py/id/oee/30/7/122
30,MUNICIPALIDADES,7,DEPARTAMENTO DE ITAPUA,123,MUNICIPALIDAD DE ITAPUA POTY,MIPOTY,,,,http://datos.sfp.gov.py/id/oee/30/7/123
30,MUNICIPALIDADES,8,DEPARTAMENTO DE MISIONES,124,MUNICIPALIDAD DE SAN JUAN BAUSTISTA DE LAS MISIONES,SAN JUAN,,,,http://datos.sfp.gov.py/id/oee/30/8/124
30,MUNICIPALIDADES,8,DEPARTAMENTO DE MISIONES,125,MUNICIPALIDAD DE AYOLAS,AYOLAS,,,,http://datos.sfp.gov.py/id/oee/30/8/125
30,MUNICIPALIDADES,8,DEPARTAMENTO DE MISIONES,126,MUNICIPALIDAD DE SAN IGNACIO GUAZU,MSIG,,,sanignacioguazu.gov.py/,http://datos.sfp.gov.py/id/oee/30/8/126
30,MUNICIPALIDADES,8,DEPARTAMENTO DE MISIONES,127,MUNICIPALIDAD DE SAN MIGUEL MISIONES,MSMM,,,sanmiguelmnes.org/,http://datos.sfp.gov.py/id/oee/30/8/127
30,MUNICIPALIDADES,8,DEPARTAMENTO DE MISIONES,128,MUNICIPALIDAD DE SAN PATRICIO,MSPAT,,,,http://datos.sfp.gov.py/id/oee/30/8/128
30,MUNICIPALIDADES,8,DEPARTAMENTO DE MISIONES,129,MUNICIPALIDAD DE SANTA MARIA,MSTAM,,,HTTP://WWW.MUNICIPALIDADSANTAMARIA.GOV.PY/,http://datos.sfp.gov.py/id/oee/30/8/129
30,MUNICIPALIDADES,8,DEPARTAMENTO DE MISIONES,130,MUNICIPALIDAD DE SANTA ROSA MISIONES,MSTARM,,,,http://datos.sfp.gov.py/id/oee/30/8/130
30,MUNICIPALIDADES,8,DEPARTAMENTO DE MISIONES,131,MUNICIPALIDAD DE SANTIAGO,MSANT,,,http://www.santiagomisiones.gov.py/,http://datos.sfp.gov.py/id/oee/30/8/131
30,MUNICIPALIDADES,8,DEPARTAMENTO DE MISIONES,132,MUNICIPALIDAD DE VILLA FLORIDA,MVILLF,,,,http://datos.sfp.gov.py/id/oee/30/8/132
30,MUNICIPALIDADES,8,DEPARTAMENTO DE MISIONES,133,MUNICIPALIDAD DE YABEBYRY,MYAB,,,http://www.yabebyry.gov.py/,http://datos.sfp.gov.py/id/oee/30/8/133
30,MUNICIPALIDADES,9,DEPARTAMENTO DE PARAGUARI,134,MUNICIPALIDAD DE PARAGUARI,MPARAG,,,http://www.muniparaguari.gov.py,http://datos.sfp.gov.py/id/oee/30/9/134
30,MUNICIPALIDADES,9,DEPARTAMENTO DE PARAGUARI,135,MUNICIPALIDAD DE ACAHAY,MACAHA,,,,http://datos.sfp.gov.py/id/oee/30/9/135
30,MUNICIPALIDADES,9,DEPARTAMENTO DE PARAGUARI,136,MUNICIPALIDAD DE CAAPUCU,MCAAP,,,http://municipalidaddecaapucu.com/,http://datos.sfp.gov.py/id/oee/30/9/136
30,MUNICIPALIDADES,9,DEPARTAMENTO DE PARAGUARI,137,MUNICIPALIDAD DE GENERAL CABALLERO,MGBC,,,http://mgbcaballero.gov.py/,http://datos.sfp.gov.py/id/oee/30/9/137
30,MUNICIPALIDADES,9,DEPARTAMENTO DE PARAGUARI,138,MUNICIPALIDAD DE CARAPEGUA,MCARAP,,,HTTP://CARAPEGUA.BLOGSPOT.COM/,http://datos.sfp.gov.py/id/oee/30/9/138
30,MUNICIPALIDADES,9,DEPARTAMENTO DE PARAGUARI,139,MUNICIPALIDAD DE ESCOBAR,MESCOB,,,,http://datos.sfp.gov.py/id/oee/30/9/139
30,MUNICIPALIDADES,9,DEPARTAMENTO DE PARAGUARI,140,MUNICIPALIDAD DE LA COLMENA,MCOLM,,,,http://datos.sfp.gov.py/id/oee/30/9/140
30,MUNICIPALIDADES,9,DEPARTAMENTO DE PARAGUARI,141,MUNICIPALIDAD DE MBUYAPEY,MBUYA,,,http://municipalidaddembuyapey.jimdo.com/,http://datos.sfp.gov.py/id/oee/30/9/141
30,MUNICIPALIDADES,9,DEPARTAMENTO DE PARAGUARI,142,MUNICIPALIDAD DE PIRAYU,MPIRAYU,,,,http://datos.sfp.gov.py/id/oee/30/9/142
30,MUNICIPALIDADES,9,DEPARTAMENTO DE PARAGUARI,143,MUNICIPALIDAD DE QUIINDY,MQUIIN,,,http://www.municipalidaddequiindy.com/,http://datos.sfp.gov.py/id/oee/30/9/143
30,MUNICIPALIDADES,9,DEPARTAMENTO DE PARAGUARI,144,MUNICIPALIDAD DE QUYQUYHO,MDQ,ALBERDI N| 102 - QUY QUYO,0213281736,,http://datos.sfp.gov.py/id/oee/30/9/144
30,MUNICIPALIDADES,9,DEPARTAMENTO DE PARAGUARI,145,MUNICIPALIDAD DE SAN ROQUE GONZALEZ DE SANTA CRUZ,MSRGSC,,,http://www.munisanroquegonzalezdesantacruz.com.py/,http://datos.sfp.gov.py/id/oee/30/9/145
30,MUNICIPALIDADES,9,DEPARTAMENTO DE PARAGUARI,146,MUNICIPALIDAD DE SAPUCAI,MSAPU,,,,http://datos.sfp.gov.py/id/oee/30/9/146
30,MUNICIPALIDADES,9,DEPARTAMENTO DE PARAGUARI,147,MUNICIPALIDAD DE TEBICUARYMI,MTEBIC,,,,http://datos.sfp.gov.py/id/oee/30/9/147
30,MUNICIPALIDADES,9,DEPARTAMENTO DE PARAGUARI,148,MUNICIPALIDAD DE YAGUARON,MYAGUAR,,,HTTP://WWW.YAGUARON.GOV.PY/,http://datos.sfp.gov.py/id/oee/30/9/148
30,MUNICIPALIDADES,9,DEPARTAMENTO DE PARAGUARI,149,MUNICIPALIDAD DE YBYCUI,MYBYC,,,,http://datos.sfp.gov.py/id/oee/30/9/149
30,MUNICIPALIDADES,9,DEPARTAMENTO DE PARAGUARI,150,MUNICIPALIDAD DE YBYTYMI,MYBYT,,,http://municipalidaddeybytymi.jimdo.com/,http://datos.sfp.gov.py/id/oee/30/9/150
30,MUNICIPALIDADES,9,DEPARTAMENTO DE PARAGUARI,252,MUNICIPALIDAD DE MARÍA ANTONIA,MA ANTONIA,,,,http://datos.sfp.gov.py/id/oee/30/9/252
30,MUNICIPALIDADES,10,DEPARTAMENTO DE ALTO PARANA,151,MUNICIPALIDAD DE CIUDAD DEL ESTE,MCDE,,,http://www.municipalidadcde.gov.py,http://datos.sfp.gov.py/id/oee/30/10/151
30,MUNICIPALIDADES,10,DEPARTAMENTO DE ALTO PARANA,152,MUNICIPALIDAD DE PRESIDENTE FRANCO,MPF,,,presidentefranco.blogspot.com/,http://datos.sfp.gov.py/id/oee/30/10/152
30,MUNICIPALIDADES,10,DEPARTAMENTO DE ALTO PARANA,153,MUNICIPALIDAD DE DOMINGO MARTINEZ DE IRALA,DOMINGO MARTINEZ,,,HTTP://IRALA.GOV.PY/,http://datos.sfp.gov.py/id/oee/30/10/153
30,MUNICIPALIDADES,10,DEPARTAMENTO DE ALTO PARANA,154,MUNICIPALIDAD DE JUAN LEON MALLORQUIN,MJLMALL,,,www.mayormartinez.gov.py,http://datos.sfp.gov.py/id/oee/30/10/154
30,MUNICIPALIDADES,10,DEPARTAMENTO DE ALTO PARANA,155,MUNICIPALIDAD DE HERNANDARIAS,MUNIHERN,,,http://www.hernandarias.gov.py/,http://datos.sfp.gov.py/id/oee/30/10/155
30,MUNICIPALIDADES,10,DEPARTAMENTO DE ALTO PARANA,156,MUNICIPALIDAD DE SANTA FE DEL PARANA,MSFDP,,,HTTP://WWW.SANTAFEDELPARANA.GOV.PY/,http://datos.sfp.gov.py/id/oee/30/10/156
30,MUNICIPALIDADES,10,DEPARTAMENTO DE ALTO PARANA,157,MUNICIPALIDAD DE ITAKYRY,MITAKY,,,,http://datos.sfp.gov.py/id/oee/30/10/157
30,MUNICIPALIDADES,10,DEPARTAMENTO DE ALTO PARANA,158,MUNICIPALIDAD DE JUAN E. O'LEARY,MJEOL,,,http://www.munioleary.gov.py/,http://datos.sfp.gov.py/id/oee/30/10/158
30,MUNICIPALIDADES,10,DEPARTAMENTO DE ALTO PARANA,159,MUNICIPALIDAD DE ÑACUNDAY,MÑACUN,,,,http://datos.sfp.gov.py/id/oee/30/10/159
30,MUNICIPALIDADES,10,DEPARTAMENTO DE ALTO PARANA,160,MUNICIPALIDAD DE YGUAZU,YGUAZÚ,,,,http://datos.sfp.gov.py/id/oee/30/10/160
30,MUNICIPALIDADES,10,DEPARTAMENTO DE ALTO PARANA,161,MUNICIPALIDAD DE LOS CEDRALES,MCEDR,,,,http://datos.sfp.gov.py/id/oee/30/10/161
30,MUNICIPALIDADES,10,DEPARTAMENTO DE ALTO PARANA,162,MUNICIPALIDAD DE MINGA GUAZU,MINGA GUAZÚ,,,HTTP://WWW.MUNIMINGAGUAZU.GOV.PY/,http://datos.sfp.gov.py/id/oee/30/10/162
30,MUNICIPALIDADES,10,DEPARTAMENTO DE ALTO PARANA,163,MUNICIPALIDAD DE SAN CRISTOBAL,SAN CRISTOBAL,,,,http://datos.sfp.gov.py/id/oee/30/10/163
30,MUNICIPALIDADES,10,DEPARTAMENTO DE ALTO PARANA,164,MUNICIPALIDAD DE SANTA RITA,MSRITA,,0673220470,www.santarita.gov.py,http://datos.sfp.gov.py/id/oee/30/10/164
30,MUNICIPALIDADES,10,DEPARTAMENTO DE ALTO PARANA,165,MUNICIPALIDAD DE NARANJAL,MNARAN,,,,http://datos.sfp.gov.py/id/oee/30/10/165
30,MUNICIPALIDADES,10,DEPARTAMENTO DE ALTO PARANA,166,MUNICIPALIDAD DE STA. ROSA DEL MONDAY,MSRMON,,,www.santarosadelmonday.gov.py,http://datos.sfp.gov.py/id/oee/30/10/166
30,MUNICIPALIDADES,10,DEPARTAMENTO DE ALTO PARANA,167,MUNICIPALIDAD DE MINGA PORA,MMPORA,,,http://www.mingapora.gov.py/,http://datos.sfp.gov.py/id/oee/30/10/167
30,MUNICIPALIDADES,10,DEPARTAMENTO DE ALTO PARANA,168,MUNICIPALIDAD DE MBARACAYU,MMBARA,,,http://www.municipalidadmbaracayu.org/,http://datos.sfp.gov.py/id/oee/30/10/168
30,MUNICIPALIDADES,10,DEPARTAMENTO DE ALTO PARANA,169,MUNICIPALIDAD DE SAN ALBERTO,SAN ALBERTO,,,http://sanalberto.gov.py/,http://datos.sfp.gov.py/id/oee/30/10/169
30,MUNICIPALIDADES,10,DEPARTAMENTO DE ALTO PARANA,170,MUNICIPALIDAD DE IRUÑA,IRUÑA,,,HTTP://WWW.MUNICIPALIDADDEIRUNA.COM.PY/,http://datos.sfp.gov.py/id/oee/30/10/170
30,MUNICIPALIDADES,10,DEPARTAMENTO DE ALTO PARANA,240,MUNICIPALIDAD DE TAVAPY,TAVAPY,,,www.tavapy.gov.py,http://datos.sfp.gov.py/id/oee/30/10/240
30,MUNICIPALIDADES,10,DEPARTAMENTO DE ALTO PARANA,246,MUNICIPALIDAD DE DR. RAUL PENA,MRAULP,,,,http://datos.sfp.gov.py/id/oee/30/10/246
30,MUNICIPALIDADES,11,DEPARTAMENTO DE CENTRAL,171,MUNICIPALIDAD DE AREGUA,MAREGUA,,,,http://datos.sfp.gov.py/id/oee/30/11/171
30,MUNICIPALIDADES,11,DEPARTAMENTO DE CENTRAL,172,MUNICIPALIDAD DE CAPIATA,MCAPIA,,,HTTP://WWW.MUNICIPALIDADCAPIATA.GOV.PY/,http://datos.sfp.gov.py/id/oee/30/11/172
30,MUNICIPALIDADES,11,DEPARTAMENTO DE CENTRAL,173,MUNICIPALIDAD DE FERNANDO DE LA MORA,MFDLM,,,http://www.fdm.gov.py,http://datos.sfp.gov.py/id/oee/30/11/173
30,MUNICIPALIDADES,11,DEPARTAMENTO DE CENTRAL,174,MUNICIPALIDAD DE GUARAMBARE,MGUAR,,,,http://datos.sfp.gov.py/id/oee/30/11/174
30,MUNICIPALIDADES,11,DEPARTAMENTO DE CENTRAL,175,MUNICIPALIDAD DE ITA,MITA,,,,http://datos.sfp.gov.py/id/oee/30/11/175
30,MUNICIPALIDADES,11,DEPARTAMENTO DE CENTRAL,176,MUNICIPALIDAD DE ITAUGUA,MITAUGUA,,,http://www.municipalidaddeitaugua.gov.py/v1/,http://datos.sfp.gov.py/id/oee/30/11/176
30,MUNICIPALIDADES,11,DEPARTAMENTO DE CENTRAL,177,MUNICIPALIDAD DE LAMBARE,LAMBARE,,,http://www.lambare.gov.py/,http://datos.sfp.gov.py/id/oee/30/11/177
30,MUNICIPALIDADES,11,DEPARTAMENTO DE CENTRAL,178,MUNICIPALIDAD DE LIMPIO,MDL,,,http://www.munilimpio.gov.py/,http://datos.sfp.gov.py/id/oee/30/11/178
30,MUNICIPALIDADES,11,DEPARTAMENTO DE CENTRAL,179,MUNICIPALIDAD DE LUQUE,MLUQ,,,www.luque.gov.py/,http://datos.sfp.gov.py/id/oee/30/11/179
30,MUNICIPALIDADES,11,DEPARTAMENTO DE CENTRAL,180,MUNICIPALIDAD DE MARIANO ROQUE ALONSO,MMRA,,,www.mra.gov.py,http://datos.sfp.gov.py/id/oee/30/11/180
30,MUNICIPALIDADES,11,DEPARTAMENTO DE CENTRAL,181,MUNICIPALIDAD DE NUEVA ITALIA,MNUITA,,,http://nuevaitalia.gov.py/,http://datos.sfp.gov.py/id/oee/30/11/181
30,MUNICIPALIDADES,11,DEPARTAMENTO DE CENTRAL,182,MUNICIPALIDAD DE ÑEMBY,MNEMBY,,,WWW.NEMBY.GOV.PY,http://datos.sfp.gov.py/id/oee/30/11/182
30,MUNICIPALIDADES,11,DEPARTAMENTO DE CENTRAL,183,MUNICIPALIDAD DE SAN ANTONIO,MSANTO,,,,http://datos.sfp.gov.py/id/oee/30/11/183
30,MUNICIPALIDADES,11,DEPARTAMENTO DE CENTRAL,184,MUNICIPALIDAD DE SAN LORENZO,MSANLO,,,http://municipalidaddesanlorenzo.com/v2/,http://datos.sfp.gov.py/id/oee/30/11/184
30,MUNICIPALIDADES,11,DEPARTAMENTO DE CENTRAL,185,MUNICIPALIDAD DE VILLA ELISA,MVELIS,,,http://www.villaelisa.gov.py/,http://datos.sfp.gov.py/id/oee/30/11/185
30,MUNICIPALIDADES,11,DEPARTAMENTO DE CENTRAL,186,MUNICIPALIDAD DE VILLETA,MVILLE,,,http://www.villeta.gov.py,http://datos.sfp.gov.py/id/oee/30/11/186
30,MUNICIPALIDADES,11,DEPARTAMENTO DE CENTRAL,187,MUNICIPALIDAD DE YPACARAI,MYPACA,,,,http://datos.sfp.gov.py/id/oee/30/11/187
30,MUNICIPALIDADES,11,DEPARTAMENTO DE CENTRAL,188,MUNICIPALIDAD DE YPANE,MYPANE,,,http://www.ypane.gov.py,http://datos.sfp.gov.py/id/oee/30/11/188
30,MUNICIPALIDADES,11,DEPARTAMENTO DE CENTRAL,189,MUNICIPALIDAD DE J. AUGUSTO SALDIVAR,MJASAL,,,http://www.jas.gov.py/web,http://datos.sfp.gov.py/id/oee/30/11/189
30,MUNICIPALIDADES,12,DEPARTAMENTO DE ÑEEMBUCU,190,MUNICIPALIDAD DE PILAR,MPILAR,,,pilar.gov.py/,http://datos.sfp.gov.py/id/oee/30/12/190
30,MUNICIPALIDADES,12,DEPARTAMENTO DE ÑEEMBUCU,191,MUNICIPALIDAD DE ALBERDI,MALBE,,,http://alberdi.gov.py,http://datos.sfp.gov.py/id/oee/30/12/191
30,MUNICIPALIDADES,12,DEPARTAMENTO DE ÑEEMBUCU,192,MUNICIPALIDAD DE CERRITO,MCERR,,,,http://datos.sfp.gov.py/id/oee/30/12/192
30,MUNICIPALIDADES,12,DEPARTAMENTO DE ÑEEMBUCU,193,MUNICIPALIDAD DE DESMOCHADOS,MDESM,,,,http://datos.sfp.gov.py/id/oee/30/12/193
30,MUNICIPALIDADES,12,DEPARTAMENTO DE ÑEEMBUCU,194,MUNICIPALIDAD DE GENERAL JOSE EDUVIGIS DIAZ,MGJED,,,,http://datos.sfp.gov.py/id/oee/30/12/194
30,MUNICIPALIDADES,12,DEPARTAMENTO DE ÑEEMBUCU,195,MUNICIPALIDAD DE GUAZU CUA,MDGC,8 DE MAYO CASI AVDA MATIAS BADO,0213384410,http://guazucua.gov.py/,http://datos.sfp.gov.py/id/oee/30/12/195
30,MUNICIPALIDADES,12,DEPARTAMENTO DE ÑEEMBUCU,196,MUNICIPALIDAD DE HUMAITA,HUMAITA,,,http://www.humaita.gov.py/,http://datos.sfp.gov.py/id/oee/30/12/196
30,MUNICIPALIDADES,12,DEPARTAMENTO DE ÑEEMBUCU,197,MUNICIPALIDAD DE ISLA UMBU,MIUMBU,,,http://islaumbu.gov.py,http://datos.sfp.gov.py/id/oee/30/12/197
30,MUNICIPALIDADES,12,DEPARTAMENTO DE ÑEEMBUCU,198,MUNICIPALIDAD DE LAURELES,MDLA,,,,http://datos.sfp.gov.py/id/oee/30/12/198
30,MUNICIPALIDADES,12,DEPARTAMENTO DE ÑEEMBUCU,199,MUNICIPALIDAD DE MAYOR JOSE D. MARTINEZ,MMJDM,,,WWW.MAYORMARTINEZ.GOV.PY,http://datos.sfp.gov.py/id/oee/30/12/199
30,MUNICIPALIDADES,12,DEPARTAMENTO DE ÑEEMBUCU,200,MUNICIPALIDAD DE PASO DE PATRIA,MPP,,,www.pasodepatria.gov.py,http://datos.sfp.gov.py/id/oee/30/12/200
30,MUNICIPALIDADES,12,DEPARTAMENTO DE ÑEEMBUCU,201,MUNICIPALIDAD DE SAN JUAN BAUTISTA DE ÑEEMBUCU,MSJBÑ,,,,http://datos.sfp.gov.py/id/oee/30/12/201
30,MUNICIPALIDADES,12,DEPARTAMENTO DE ÑEEMBUCU,202,MUNICIPALIDAD DE TACUARAS,TACUARAS,,,,http://datos.sfp.gov.py/id/oee/30/12/202
30,MUNICIPALIDADES,12,DEPARTAMENTO DE ÑEEMBUCU,203,MUNICIPALIDAD DE VILLA FRANCA,MVF,,,,http://datos.sfp.gov.py/id/oee/30/12/203
30,MUNICIPALIDADES,12,DEPARTAMENTO DE ÑEEMBUCU,204,MUNICIPALIDAD DE VILLA OLIVA,MVO,,,,http://datos.sfp.gov.py/id/oee/30/12/204
30,MUNICIPALIDADES,12,DEPARTAMENTO DE ÑEEMBUCU,205,MUNICIPALIDAD DE VILLALBIN,MVILLALBIN,,,,http://datos.sfp.gov.py/id/oee/30/12/205
30,MUNICIPALIDADES,13,DEPARTAMENTO DE AMAMBAY,206,MUNICIPALIDAD DE PEDRO J. CABALLERO,MPJC,,,http://www.municipalidadpjc.gov.py,http://datos.sfp.gov.py/id/oee/30/13/206
30,MUNICIPALIDADES,13,DEPARTAMENTO DE AMAMBAY,207,MUNICIPALIDAD DE BELLA VISTA - NORTE,MBVN,,,http://www.muni-bellavistanorte.wk-soft.com/,http://datos.sfp.gov.py/id/oee/30/13/207
30,MUNICIPALIDADES,13,DEPARTAMENTO DE AMAMBAY,208,MUNICIPALIDAD DE CAPITAN BADO,MCAPB,,,,http://datos.sfp.gov.py/id/oee/30/13/208
30,MUNICIPALIDADES,13,DEPARTAMENTO DE AMAMBAY,242,MUNICIPALIDAD DE ZANJA PYTA,MZP,,,http://municipalidadzanjapyta.gov.py/,http://datos.sfp.gov.py/id/oee/30/13/242
30,MUNICIPALIDADES,13,DEPARTAMENTO DE AMAMBAY,250,MUNICIPALIDAD DE KARAPAI,MKAR,,,,http://datos.sfp.gov.py/id/oee/30/13/250
30,MUNICIPALIDADES,13,DEPARTAMENTO DE AMAMBAY,259,MUNICIPALIDAD DE CERRO CORÁ,MCC,RUTA PY 05 - KM. 180 - RAUL OCAMPOS ROJAS - CHIRIGUELO - DEPARTAMENTO DE AMAMBAY,0971820353,,http://datos.sfp.gov.py/id/oee/30/13/259
30,MUNICIPALIDADES,14,DEPARTAMENTO DE CANINDEYU,209,MUNICIPALIDAD DE SALTO DEL GUAIRA,MSDG,,,http://www.municipalidadsdg.com/,http://datos.sfp.gov.py/id/oee/30/14/209
30,MUNICIPALIDADES,14,DEPARTAMENTO DE CANINDEYU,210,MUNICIPALIDAD DE CORPUS CHRISTI,MCC,,,www.corpuschristi.gov.py,http://datos.sfp.gov.py/id/oee/30/14/210
30,MUNICIPALIDADES,14,DEPARTAMENTO DE CANINDEYU,211,MUNICIPALIDAD DE VILLA CURUGUATY,CURUGUATY,,,http://www.municipalidaddevillacuruguaty.gov.py/,http://datos.sfp.gov.py/id/oee/30/14/211
30,MUNICIPALIDADES,14,DEPARTAMENTO DE CANINDEYU,212,MUNICIPALIDAD DE YASY CAÑY,MYC,,,,http://datos.sfp.gov.py/id/oee/30/14/212
30,MUNICIPALIDADES,14,DEPARTAMENTO DE CANINDEYU,213,MUNICIPALIDAD DE VILLA YGATIMI,MVY,,,,http://datos.sfp.gov.py/id/oee/30/14/213
30,MUNICIPALIDADES,14,DEPARTAMENTO DE CANINDEYU,214,MUNICIPALIDAD DE ITANARA,MITANARA,,,,http://datos.sfp.gov.py/id/oee/30/14/214
30,MUNICIPALIDADES,14,DEPARTAMENTO DE CANINDEYU,215,MUNICIPALIDAD DE YPE JHU,MYPJ,,,,http://datos.sfp.gov.py/id/oee/30/14/215
30,MUNICIPALIDADES,14,DEPARTAMENTO DE CANINDEYU,216,MUNICIPALIDAD DE GENERAL FRANCISCO CABALLERO ALVAREZ,MGFCA,,,http://caballeroalvarez.gov.py/,http://datos.sfp.gov.py/id/oee/30/14/216
30,MUNICIPALIDADES,14,DEPARTAMENTO DE CANINDEYU,217,MUNICIPALIDAD DE KATUETE,MKATUE,,,http://www.municipalidaddekatuete.gov.py/,http://datos.sfp.gov.py/id/oee/30/14/217
30,MUNICIPALIDADES,14,DEPARTAMENTO DE CANINDEYU,218,MUNICIPALIDAD DE LA PALOMA,MDLPAL,,,http://www.lapalomadelespiritusanto.gov.py/,http://datos.sfp.gov.py/id/oee/30/14/218
30,MUNICIPALIDADES,14,DEPARTAMENTO DE CANINDEYU,219,MUNICIPALIDAD DE NUEVA ESPERANZA,MNE,,,http://muninuevaesperanza.gov.py/,http://datos.sfp.gov.py/id/oee/30/14/219
30,MUNICIPALIDADES,14,DEPARTAMENTO DE CANINDEYU,244,MUNICIPALIDAD DE YVYRAROBANA,MYVYR,,,,http://datos.sfp.gov.py/id/oee/30/14/244
30,MUNICIPALIDADES,14,DEPARTAMENTO DE CANINDEYU,247,MUNICIPALIDAD DE YBY PYTA,MYBYP,,,,http://datos.sfp.gov.py/id/oee/30/14/247
30,MUNICIPALIDADES,14,DEPARTAMENTO DE CANINDEYU,251,MUNICIPALIDAD DE MARACANA,MARACANA,,,,http://datos.sfp.gov.py/id/oee/30/14/251
30,MUNICIPALIDADES,14,DEPARTAMENTO DE CANINDEYU,255,MUNICIPALIDAD DE PUERTO ADELA,MPA,PUERTO ADELA,,,http://datos.sfp.gov.py/id/oee/30/14/255
30,MUNICIPALIDADES,14,DEPARTAMENTO DE CANINDEYU,256,MUNICIPALIDAD DE LAUREL,ML,,,,http://datos.sfp.gov.py/id/oee/30/14/256
30,MUNICIPALIDADES,15,DEPARTAMENTO DE PRESIDENTE HAYES,220,MUNICIPALIDAD DE BENJAMIN ACEVAL,MBENAC,,,www.munibenjaminaceval.gov.py/,http://datos.sfp.gov.py/id/oee/30/15/220
30,MUNICIPALIDADES,15,DEPARTAMENTO DE PRESIDENTE HAYES,221,MUNICIPALIDAD DE PUERTO PINASCO,MDPP,AVENIDA PARAGUAY CASI EEUU,0498282014 - 0981570461,,http://datos.sfp.gov.py/id/oee/30/15/221
30,MUNICIPALIDADES,15,DEPARTAMENTO DE PRESIDENTE HAYES,222,MUNICIPALIDAD DE VILLA HAYES,MVILLH,,,http://villahayes.gov.py/,http://datos.sfp.gov.py/id/oee/30/15/222
30,MUNICIPALIDADES,15,DEPARTAMENTO DE PRESIDENTE HAYES,223,MUNICIPALIDAD DE NANAWA,MNANA,,,,http://datos.sfp.gov.py/id/oee/30/15/223
30,MUNICIPALIDADES,15,DEPARTAMENTO DE PRESIDENTE HAYES,224,MUNICIPALIDAD DE JOSE FALCON,MJFAL,,,,http://datos.sfp.gov.py/id/oee/30/15/224
30,MUNICIPALIDADES,15,DEPARTAMENTO DE PRESIDENTE HAYES,229,MUNICIPALIDAD DE TTE. 1RO. MANUEL IRALA FERNANDEZ,MTMIRF,,,HTTP://WWW.IRALAFERNANDEZ.GOV.PY/,http://datos.sfp.gov.py/id/oee/30/15/229
30,MUNICIPALIDADES,15,DEPARTAMENTO DE PRESIDENTE HAYES,232,MUNICIPALIDAD DE TENIENTE ESTEBAN MARTINEZ,MTEM,,,,http://datos.sfp.gov.py/id/oee/30/15/232
30,MUNICIPALIDADES,15,DEPARTAMENTO DE PRESIDENTE HAYES,233,MUNICIPALIDAD DE GENERAL JOSE MARIA BRUGUEZ,MGJMB,,,,http://datos.sfp.gov.py/id/oee/30/15/233
30,MUNICIPALIDADES,15,DEPARTAMENTO DE PRESIDENTE HAYES,258,MUNICIPALIDAD DE CAMPO ACEVAL,MCA,,,,http://datos.sfp.gov.py/id/oee/30/15/258
30,MUNICIPALIDADES,15,DEPARTAMENTO DE PRESIDENTE HAYES,262,MUNICIPALIDAD DE NUEVA ASUNCION,MNA,,,,http://datos.sfp.gov.py/id/oee/30/15/262
30,MUNICIPALIDADES,16,DEPARTAMENTO DE BOQUERON,228,MUNICIPALIDAD DE MARISCAL JOSE FELIX ESTIGARRIBIA,MMJFE,,,,http://datos.sfp.gov.py/id/oee/30/16/228
30,MUNICIPALIDADES,16,DEPARTAMENTO DE BOQUERON,230,MUNICIPALIDAD DE FILADELFIA,MFILAD,,,,http://datos.sfp.gov.py/id/oee/30/16/230
30,MUNICIPALIDADES,16,DEPARTAMENTO DE BOQUERON,231,MUNICIPALIDAD DE LOMA PLATA,MLOMP,,,http://www.bahianegra.gov.py/,http://datos.sfp.gov.py/id/oee/30/16/231
30,MUNICIPALIDADES,16,DEPARTAMENTO DE BOQUERON,261,MUNICIPALIDAD DE BOQUERON,MB,,,,http://datos.sfp.gov.py/id/oee/30/16/261
30,MUNICIPALIDADES,17,DEPARTAMENTO DE ALTO PARAGUAY,225,MUNICIPALIDAD DE FUERTE OLIMPO,MFO,,,,http://datos.sfp.gov.py/id/oee/30/17/225
30,MUNICIPALIDADES,17,DEPARTAMENTO DE ALTO PARAGUAY,226,MUNICIPALIDAD DE LA VICTORIA,MVICT,,,http://www.mme.gov.py/,http://datos.sfp.gov.py/id/oee/30/17/226
30,MUNICIPALIDADES,17,DEPARTAMENTO DE ALTO PARAGUAY,227,MUNICIPALIDAD DE BAHIA NEGRA,MBN,,,http://www.filadelfia.gov.py,http://datos.sfp.gov.py/id/oee/30/17/227
30,MUNICIPALIDADES,17,DEPARTAMENTO DE ALTO PARAGUAY,235,MUNICIPALIDAD DE CARMELO PERALTA,MCARP,,,http://www.lomaplata.gov.py/,http://datos.sfp.gov.py/id/oee/30/17/235
40,SOCIEDADES ANONIMAS CON PARTICIPACION ACCIONARIA DEL ESTADO,1,COMPAÑIA PARAGUAYA DE COMUNICACIONES S.A.,1,COMPAÑIA PARAGUAYA DE COMUNICACIONES S.A.,COPACO,"ALBERDI N° 531, EDIFICIO GRAL BERNARDINO CABALLERO, PISO 1",+595 21 2385027,WWW.COPACO.COM.PY/,http://datos.sfp.gov.py/id/oee/40/1/1
40,SOCIEDADES ANONIMAS CON PARTICIPACION ACCIONARIA DEL ESTADO,2,EMPRESA DE SERVICIOS SANITARIOS DEL PARAGUAY S.A.,1,EMPRESA DE SERVICIOS SANITARIOS DEL PARAGUAY S.A. (ESSAP),ESSAP,JOSÉ BERGES 516 E/ SAN JOSÉ Y BRASIL,0800-11-0888/162,WWW.ESSAP.COM.PY,http://datos.sfp.gov.py/id/oee/40/2/1
40,SOCIEDADES ANONIMAS CON PARTICIPACION ACCIONARIA DEL ESTADO,3,CAÑAS PARAGUAYAS S.A.,1,CAÑAS PARAGUAYAS S.A. (CAPASA),CAPASA,PALMA N° 1064 MICROCENTRO DE ASUNCION,021 493 107,HTTP://WWW.CAPASA.COM.PY/,http://datos.sfp.gov.py/id/oee/40/3/1
40,SOCIEDADES ANONIMAS CON PARTICIPACION ACCIONARIA DEL ESTADO,4,FERROCARRILES DEL PARAGUAY,1,FERROCARRILES DEL PARAGUAY S.A. (FEPASA),FEPASA,MEXICO Nº 145 C/ MARISCAL LÓPEZ,(021) 447848,,http://datos.sfp.gov.py/id/oee/40/4/1
90,ENTIDADES BINACIONALES,1,ITAIPU BINACIONAL,1,ENTIDAD BINACIONAL ITAIPU (ITAIPU BINACIONAL),ITAIPU,"CALLE DE LA RESIDENTA, 1075",595 21 248-1000,HTTPS://WWW.ITAIPU.GOV.PY/,http://datos.sfp.gov.py/id/oee/90/1/1
90,ENTIDADES BINACIONALES,2,ENTIDAD BINACIONAL YACYRETA,1,ENTIDAD BINACIONAL YACYRETA (EBY),EBY,"GRAL. DÍAZ N° 831 E/AYOLAS Y MONTEVIDEO (EDIFICIO ""HÉROES DE MARZO"").",595-21-445 611,HTTPS://WWW.EBY.GOV.PY/,http://datos.sfp.gov.py/id/oee/90/2/1
