grupo_codigo;grupo_descripcion;subgrupo_codigo;subgrupo_descripcion;objeto_gasto_codigo;objeto_gasto_descripcion;control_financiero_codigo;control_financiero_descripcion;clasificacion_gasto_descripcion
100;SERVICIOS PERSONALES;110;REMUNERACIONES BÁSICAS;111;SUELDOS;11;REMUNERACIONES BÁSICAS;CORRIENTES
100;SERVICIOS PERSONALES;110;REMUNERACIONES BÁSICAS;112;DIETAS;11;REMUNERACIONES BÁSICAS;CORRIENTES
100;SERVICIOS PERSONALES;110;REMUNERACIONES BÁSICAS;113;GASTOS DE REPRESENTACIÓN;11;REMUNERACIONES BÁSICAS;CORRIENTES
100;SERVICIOS PERSONALES;110;REMUNERACIONES BÁSICAS;114;AGUINALDO;11;REMUNERACIONES BÁSICAS;CORRIENTES
100;SERVICIOS PERSONALES;120;REMUNERACIONES TEMPORALES;122;GASTOS DE RESIDENCIA;12;REMUNERACIONES VARIAS;CORRIENTES
100;SERVICIOS PERSONALES;120;REMUNERACIONES TEMPORALES;123;REMUNERACIONES EXTRAORDINARIAS;12;REMUNERACIONES VARIAS;CORRIENTES
100;SERVICIOS PERSONALES;120;REMUNERACIONES TEMPORALES;125;REMUNERACIÓN ADICIONAL;12;REMUNERACIONES VARIAS;CORRIENTES
100;SERVICIOS PERSONALES;130;ASIGNACIONES COMPLEMENTARIAS;131;SUBSIDIO FAMILIAR;19;OTROS GASTOS DEL PERSONAL;CORRIENTES
100;SERVICIOS PERSONALES;130;ASIGNACIONES COMPLEMENTARIAS;132;ESCALAFÓN DOCENTE;19;OTROS GASTOS DEL PERSONAL;CORRIENTES
100;SERVICIOS PERSONALES;130;ASIGNACIONES COMPLEMENTARIAS;133;BONIFICACIONES Y GRATIFICACIONES;19;OTROS GASTOS DEL PERSONAL;CORRIENTES
100;SERVICIOS PERSONALES;130;ASIGNACIONES COMPLEMENTARIAS;134;APORTE JUBILATORIO DEL EMPLEADOR;19;OTROS GASTOS DEL PERSONAL;CORRIENTES
100;SERVICIOS PERSONALES;130;ASIGNACIONES COMPLEMENTARIAS;135;BONIFICACIONES POR VENTAS Y COBRANZAS;19;OTROS GASTOS DEL PERSONAL;CORRIENTES
100;SERVICIOS PERSONALES;130;ASIGNACIONES COMPLEMENTARIAS;136;BONIFICACIÓN POR EXPOSICIÓN AL PELIGRO;19;OTROS GASTOS DEL PERSONAL;CORRIENTES
100;SERVICIOS PERSONALES;130;ASIGNACIONES COMPLEMENTARIAS;137;GRATIFICACIONES POR SERVICIOS ESPECIALES;19;OTROS GASTOS DEL PERSONAL;CORRIENTES
100;SERVICIOS PERSONALES;130;ASIGNACIONES COMPLEMENTARIAS;138;UNIDAD BÁSICA ALIMENTARIA – UBA;19;OTROS GASTOS DEL PERSONAL;CORRIENTES
100;SERVICIOS PERSONALES;130;ASIGNACIONES COMPLEMENTARIAS;139;ESCALAFÓN DIPLOMÁTICO Y ADMINISTRATIVO;19;OTROS GASTOS DEL PERSONAL;CORRIENTES
100;SERVICIOS PERSONALES;140;PERSONAL CONTRATADO;141;CONTRATACIÓN DE PERSONAL TÉCNICO;12;REMUNERACIONES VARIAS;CORRIENTES
100;SERVICIOS PERSONALES;140;PERSONAL CONTRATADO;142;CONTRATACIÓN DE PERSONAL DE SALUD;12;REMUNERACIONES VARIAS;CORRIENTES
100;SERVICIOS PERSONALES;140;PERSONAL CONTRATADO;143;CONTRATACIÓN OCASIONAL DEL PERSONAL DOCENTE Y DE BLANCO;12;REMUNERACIONES VARIAS;CORRIENTES
100;SERVICIOS PERSONALES;140;PERSONAL CONTRATADO;144;JORNALES;12;REMUNERACIONES VARIAS;CORRIENTES
100;SERVICIOS PERSONALES;140;PERSONAL CONTRATADO;145;HONORARIOS PROFESIONALES;12;REMUNERACIONES VARIAS;CORRIENTES
100;SERVICIOS PERSONALES;140;PERSONAL CONTRATADO;146;CONTRATACIÓN DE PERSONAL DEL SERVICIO EXTERIOR;12;REMUNERACIONES VARIAS;CORRIENTES
100;SERVICIOS PERSONALES;140;PERSONAL CONTRATADO;147;CONTRATACIÓN DE PERSONAL PARA PROGRAMAS DE ALIMENTACIÓN ESCOLAR Y CONTROL SANITARIO;12;REMUNERACIONES VARIAS;CORRIENTES
100;SERVICIOS PERSONALES;140;PERSONAL CONTRATADO;148;CONTRATACIÓN DE PERSONAL DOCENTE E INSTRUCTORES PARA CURSOS ESPECIALIZADOS, POR UNIDAD DE TIEMPO Y POR HORA CÁTEDRA;12;REMUNERACIONES VARIAS;CORRIENTES
100;SERVICIOS PERSONALES;160;REMUNERCIONES POR SERVICIOS EN EL EXTERIOR;161;SUELDOS;11;REMUNERACIONES BÁSICAS;CORRIENTES
100;SERVICIOS PERSONALES;160;REMUNERCIONES POR SERVICIOS EN EL EXTERIOR;162;GASTOS DE REPRESENTACIÓN;11;REMUNERACIONES BÁSICAS;CORRIENTES
100;SERVICIOS PERSONALES;160;REMUNERCIONES POR SERVICIOS EN EL EXTERIOR;163;AGUINALDO;11;REMUNERACIONES BÁSICAS;CORRIENTES
100;SERVICIOS PERSONALES;180;FONDO DE RESERVAS ESPECIALES;182;FONDO COMP. SALARIAL Y REINSERC. LAB.;19;OTROS GASTOS DEL PERSONAL;CORRIENTES
100;SERVICIOS PERSONALES;180;FONDO DE RESERVAS ESPECIALES;183;FONDO DE RECATEG. SALARIAL P/ MERITOS;19;OTROS GASTOS DEL PERSONAL;CORRIENTES
100;SERVICIOS PERSONALES;180;FONDO DE RESERVAS ESPECIALES;185;FONDO PARA CRECIMIENTO VEGETATIVO;19;OTROS GASTOS DEL PERSONAL;CORRIENTES
100;SERVICIOS PERSONALES;190;OTROS GASTOS DEL PERSONAL;191;SUBSIDIO PARA LA SALUD;19;OTROS GASTOS DEL PERSONAL;CORRIENTES
100;SERVICIOS PERSONALES;190;OTROS GASTOS DEL PERSONAL;192;SEGURO DE VIDA;19;OTROS GASTOS DEL PERSONAL;CORRIENTES
100;SERVICIOS PERSONALES;190;OTROS GASTOS DEL PERSONAL;193;SUBSIDIO ANUAL PARA ADQUISICIÓN DE EQUIPOS Y VESTUARIOS DEL PERSONAL DE LAS FUERZAS PÚBLICAS;19;OTROS GASTOS DEL PERSONAL;CORRIENTES
100;SERVICIOS PERSONALES;190;OTROS GASTOS DEL PERSONAL;194;SUBSIDIO PARA LA SALUD DEL PERSONAL DE LAS FUERZAS PÚBLICAS;19;OTROS GASTOS DEL PERSONAL;CORRIENTES
100;SERVICIOS PERSONALES;190;OTROS GASTOS DEL PERSONAL;195;BONIFICACION FAMILIAR PARA LOS EFECTIVOS DE LAS FUERZAS PUBLCIAS;19;OTROS GASTOS DEL PERSONAL;CORRIENTES
100;SERVICIOS PERSONALES;190;OTROS GASTOS DEL PERSONAL;199;OTROS GASTOS DE PERSONAL;19;OTROS GASTOS DEL PERSONAL;CORRIENTES
200;SERVICIOS NO PERSONALES;210;SERVICIOS BÁSICOS;211;ENERGIA ELECTRICA;20;SERVICIOS BÁSICOS;CORRIENTES
200;SERVICIOS NO PERSONALES;210;SERVICIOS BÁSICOS;212;AGUA;20;SERVICIOS BÁSICOS;CORRIENTES
200;SERVICIOS NO PERSONALES;210;SERVICIOS BÁSICOS;214;TELEFONOS, TELEX Y TELEFAX Y OTROS SERV. COMUNIC.;20;SERVICIOS BÁSICOS;CORRIENTES
200;SERVICIOS NO PERSONALES;210;SERVICIOS BÁSICOS;215;CORREOS Y OTROS SERV. POSTALES;20;SERVICIOS BÁSICOS;CORRIENTES
200;SERVICIOS NO PERSONALES;210;SERVICIOS BÁSICOS;219;SERV. BASICOS VARIOS;20;SERVICIOS BÁSICOS;CORRIENTES
200;SERVICIOS NO PERSONALES;220;TRANSPORTE Y ALMACENAJE;221;TRANSPORTE;70;OTROS GASTOS;CORRIENTES
200;SERVICIOS NO PERSONALES;220;TRANSPORTE Y ALMACENAJE;222;ALMACENAJE;70;OTROS GASTOS;CORRIENTES
200;SERVICIOS NO PERSONALES;220;TRANSPORTE Y ALMACENAJE;223;TRANSPORTE DE PERSONAS;70;OTROS GASTOS;CORRIENTES
200;SERVICIOS NO PERSONALES;220;TRANSPORTE Y ALMACENAJE;229;TRANSPORTE Y ALMACENAJE, VARIOS;70;OTROS GASTOS;CORRIENTES
200;SERVICIOS NO PERSONALES;230;PASAJES Y VIÁTICOS;231;PASAJES;70;OTROS GASTOS;CORRIENTES
200;SERVICIOS NO PERSONALES;230;PASAJES Y VIÁTICOS;232;VIÁTICOS Y MOVILIDAD;70;OTROS GASTOS;CORRIENTES
200;SERVICIOS NO PERSONALES;230;PASAJES Y VIÁTICOS;233;GASTOS DE TRASLADO;70;OTROS GASTOS;CORRIENTES
200;SERVICIOS NO PERSONALES;230;PASAJES Y VIÁTICOS;239;PASAJES Y VIÁTICOS, VARIOS;70;OTROS GASTOS;CORRIENTES
200;SERVICIOS NO PERSONALES;240;GASTOS P/SERV.,ASEO, MANT. Y REPARAC.;241;MANT. Y REP. MEN. DE  VIAS DE COMUNIC.;70;OTROS GASTOS;CORRIENTES
200;SERVICIOS NO PERSONALES;240;GASTOS P/SERV.,ASEO, MANT. Y REPARAC.;242;MANT. Y REP. MEN. DE EDIF. Y LOC.;70;OTROS GASTOS;CORRIENTES
200;SERVICIOS NO PERSONALES;240;GASTOS P/SERV.,ASEO, MANT. Y REPARAC.;243;MANT. Y REP. MEN. DE MAQ. EQ. Y MUEB. DE OFIC.;70;OTROS GASTOS;CORRIENTES
200;SERVICIOS NO PERSONALES;240;GASTOS P/SERV.,ASEO, MANT. Y REPARAC.;244;MANT. Y REP. MEN. DE VEHICULOS;70;OTROS GASTOS;CORRIENTES
200;SERVICIOS NO PERSONALES;240;GASTOS P/SERV.,ASEO, MANT. Y REPARAC.;245;SERV. DE LIMPIEZA, ASEO Y FUMIG.;70;OTROS GASTOS;CORRIENTES
200;SERVICIOS NO PERSONALES;240;GASTOS P/SERV.,ASEO, MANT. Y REPARAC.;246;MANT. Y REP. MEN. DE INSTALACIONES;70;OTROS GASTOS;CORRIENTES
200;SERVICIOS NO PERSONALES;240;GASTOS P/SERV.,ASEO, MANT. Y REPARAC.;247;MANT. Y REP. MEN. DE OBRAS;70;OTROS GASTOS;CORRIENTES
200;SERVICIOS NO PERSONALES;240;GASTOS P/SERV.,ASEO, MANT. Y REPARAC.;248;OTROS MANT. Y REPARAC. MENORES;70;OTROS GASTOS;CORRIENTES
200;SERVICIOS NO PERSONALES;240;GASTOS P/SERV.,ASEO, MANT. Y REPARAC.;249;SERV.,ASEO, MANT. Y REPARAC. MEN., VARIOS;70;OTROS GASTOS;CORRIENTES
200;SERVICIOS NO PERSONALES;250;ALQUILERES Y DERECHOS;251;ALQUILER DE EDIFICIOS Y LOCALES;70;OTROS GASTOS;CORRIENTES
200;SERVICIOS NO PERSONALES;250;ALQUILERES Y DERECHOS;252;ALQUILER DE MAQUINASRIAS Y EQUIPOS;70;OTROS GASTOS;CORRIENTES
200;SERVICIOS NO PERSONALES;250;ALQUILERES Y DERECHOS;253;DERECHOS DE BIENES INTANGIBLES;70;OTROS GASTOS;CORRIENTES
200;SERVICIOS NO PERSONALES;250;ALQUILERES Y DERECHOS;254;ALQUILER EQ. DE COMPUTACION;70;OTROS GASTOS;CORRIENTES
200;SERVICIOS NO PERSONALES;250;ALQUILERES Y DERECHOS;255;ALQUILER DE FOTOCOPIADORAS;70;OTROS GASTOS;CORRIENTES
200;SERVICIOS NO PERSONALES;250;ALQUILERES Y DERECHOS;256;ARRENDAMIENTO DE TIERRAS Y TERRENOS;70;OTROS GASTOS;CORRIENTES
200;SERVICIOS NO PERSONALES;250;ALQUILERES Y DERECHOS;257;ALQUILER DE VIVIENDAS;70;OTROS GASTOS;CORRIENTES
200;SERVICIOS NO PERSONALES;250;ALQUILERES Y DERECHOS;258;ALQUILERES Y DERECHOS SIST. LEASING;70;OTROS GASTOS;CORRIENTES
200;SERVICIOS NO PERSONALES;250;ALQUILERES Y DERECHOS;259;ALQUILERES Y DERECHOS, VARIOS;70;OTROS GASTOS;CORRIENTES
200;SERVICIOS NO PERSONALES;260;SERVICIOS TÉCNICOS Y PROFESIONALES;261;DE INFORMATICA Y SISTISTEMAS COMPUTARIZ;70;OTROS GASTOS;CORRIENTES
200;SERVICIOS NO PERSONALES;260;SERVICIOS TÉCNICOS Y PROFESIONALES;262;IMPRENTA, PUBLICACIONES Y REPRODUCCIONES;70;OTROS GASTOS;CORRIENTES
200;SERVICIOS NO PERSONALES;260;SERVICIOS TÉCNICOS Y PROFESIONALES;263;SERVICIOS BANCARIOS;70;OTROS GASTOS;CORRIENTES
200;SERVICIOS NO PERSONALES;260;SERVICIOS TÉCNICOS Y PROFESIONALES;264;PRIMAS Y GASTOS DE SEGURO;70;OTROS GASTOS;CORRIENTES
200;SERVICIOS NO PERSONALES;260;SERVICIOS TÉCNICOS Y PROFESIONALES;265;PUBLICIDAD Y PROPAGANDA;70;OTROS GASTOS;CORRIENTES
200;SERVICIOS NO PERSONALES;260;SERVICIOS TÉCNICOS Y PROFESIONALES;266;CONSULTORIAS, ASESORÍAS E INVESTIG;70;OTROS GASTOS;CORRIENTES
200;SERVICIOS NO PERSONALES;260;SERVICIOS TÉCNICOS Y PROFESIONALES;267;PROMOCIONES Y EXPOSICIONES;70;OTROS GASTOS;CORRIENTES
200;SERVICIOS NO PERSONALES;260;SERVICIOS TÉCNICOS Y PROFESIONALES;268;SERV. DE COMUNICACIONES;70;OTROS GASTOS;CORRIENTES
200;SERVICIOS NO PERSONALES;260;SERVICIOS TÉCNICOS Y PROFESIONALES;269;SERVICIOS TECNICOS Y PROF., VARIOS;70;OTROS GASTOS;CORRIENTES
200;SERVICIOS NO PERSONALES;270;SERVICIO SOCIAL;271;SERVICIOS DE SEGURO MEDÍCOS;70;OTROS GASTOS;CORRIENTES
200;SERVICIOS NO PERSONALES;270;SERVICIO SOCIAL;272;ASISTENCIA SOCIAL;70;OTROS GASTOS;CORRIENTES
200;SERVICIOS NO PERSONALES;270;SERVICIO SOCIAL;273;SERVICIOS DE SEPELIO;70;OTROS GASTOS;CORRIENTES
200;SERVICIOS NO PERSONALES;270;SERVICIO SOCIAL;274;SEGUROS MEDICOS Y DE SEPELIOS PARA JUBILADOS Y PENSIONADOS;70;OTROS GASTOS;CORRIENTES
200;SERVICIOS NO PERSONALES;270;SERVICIO SOCIAL;275;SERVICIOS DE PRIMEROS AUXILIOS Y TERCERIZADOS;70;OTROS GASTOS;CORRIENTES
200;SERVICIOS NO PERSONALES;270;SERVICIO SOCIAL;279;SERVICIO SOCIAL Y SIN DISCRIMINAR;70;OTROS GASTOS;CORRIENTES
200;SERVICIOS NO PERSONALES;280;OTROS SERVICIOS EN GENERAL;281;SERVICIOS DE CEREMONIAL;70;OTROS GASTOS;CORRIENTES
200;SERVICIOS NO PERSONALES;280;OTROS SERVICIOS EN GENERAL;282;SERVICIOS DE VIGILANCIA;70;OTROS GASTOS;CORRIENTES
200;SERVICIOS NO PERSONALES;280;OTROS SERVICIOS EN GENERAL;283;GASTOS DE PECULIO;70;OTROS GASTOS;CORRIENTES
200;SERVICIOS NO PERSONALES;280;OTROS SERVICIOS EN GENERAL;284;SERVICIOS DE CATERING;70;OTROS GASTOS;CORRIENTES
200;SERVICIOS NO PERSONALES;280;OTROS SERVICIOS EN GENERAL;288;SERVICIOS EN GENERAL;70;OTROS GASTOS;CORRIENTES
200;SERVICIOS NO PERSONALES;280;OTROS SERVICIOS EN GENERAL;289;OTROS SERVICIOS, VARIOS;70;OTROS GASTOS;CORRIENTES
200;SERVICIOS NO PERSONALES;290;SERV. CAPACITACIÓN Y ADIESTRAMIENTO;291;CAPACITACION DEL PERSONAL DEL ESTADO;70;OTROS GASTOS;CORRIENTES
200;SERVICIOS NO PERSONALES;290;SERV. CAPACITACIÓN Y ADIESTRAMIENTO;292;CAPACITACIÓN Y FORMACIÓN LABORAL;70;OTROS GASTOS;CORRIENTES
200;SERVICIOS NO PERSONALES;290;SERV. CAPACITACIÓN Y ADIESTRAMIENTO;293;CAPACITACIÓN ESPECIALIZADA;70;OTROS GASTOS;CORRIENTES
200;SERVICIOS NO PERSONALES;290;SERV. CAPACITACIÓN Y ADIESTRAMIENTO;294;CAPACITACIÓN INSTITUCIONAL A LA COMUNIDAD;70;OTROS GASTOS;CORRIENTES
200;SERVICIOS NO PERSONALES;290;SERV. CAPACITACIÓN Y ADIESTRAMIENTO;299;CAPACITACIÓN Y ADIESTRAMIENTO VARIOS;70;OTROS GASTOS;CORRIENTES
300;BIENES DE CONSUMO E INSUMOS;310;PRODUCTOS ALIMENTICIOS;311;ALIMENTOS PARA PERSONAS;61;PRODUCTOS ALIMENTICIOS;CORRIENTES
300;BIENES DE CONSUMO E INSUMOS;310;PRODUCTOS ALIMENTICIOS;312;ALIMENTOS PARA ANIMALES;61;PRODUCTOS ALIMENTICIOS;CORRIENTES
300;BIENES DE CONSUMO E INSUMOS;310;PRODUCTOS ALIMENTICIOS;319;PRODUCTOS AMIENTICIOS VARIOS;61;PRODUCTOS ALIMENTICIOS;CORRIENTES
300;BIENES DE CONSUMO E INSUMOS;320;TEXTILES Y VESTUARIOS;321;HILADOS Y TELAS;70;OTROS GASTOS;CORRIENTES
300;BIENES DE CONSUMO E INSUMOS;320;TEXTILES Y VESTUARIOS;322;PRENDAS DE VESTIR;70;OTROS GASTOS;CORRIENTES
300;BIENES DE CONSUMO E INSUMOS;320;TEXTILES Y VESTUARIOS;323;CONFECCIONES TEXTILES;70;OTROS GASTOS;CORRIENTES
300;BIENES DE CONSUMO E INSUMOS;320;TEXTILES Y VESTUARIOS;324;CALZADOS;70;OTROS GASTOS;CORRIENTES
300;BIENES DE CONSUMO E INSUMOS;320;TEXTILES Y VESTUARIOS;325;CUEROS, CAUCHOS Y GOMAS;70;OTROS GASTOS;CORRIENTES
300;BIENES DE CONSUMO E INSUMOS;320;TEXTILES Y VESTUARIOS;329;TEXTILES Y CONFECCIONES, VARIOS;70;OTROS GASTOS;CORRIENTES
300;BIENES DE CONSUMO E INSUMOS;330;PRODUC.PAPEL, CARTON E IMPRESOS;331;PAPEL DE ESCRITORIO Y CARTON;70;OTROS GASTOS;CORRIENTES
300;BIENES DE CONSUMO E INSUMOS;330;PRODUC.PAPEL, CARTON E IMPRESOS;332;PAPEL PARA COMPUTACION;70;OTROS GASTOS;CORRIENTES
300;BIENES DE CONSUMO E INSUMOS;330;PRODUC.PAPEL, CARTON E IMPRESOS;333;PRODUCTOS E IMPRESIONES DE ARTES GRAFICAS;70;OTROS GASTOS;CORRIENTES
300;BIENES DE CONSUMO E INSUMOS;330;PRODUC.PAPEL, CARTON E IMPRESOS;334;PRODUCTOS DE PAPEL Y CARTÓN;70;OTROS GASTOS;CORRIENTES
300;BIENES DE CONSUMO E INSUMOS;330;PRODUC.PAPEL, CARTON E IMPRESOS;335;LIBROS, REVISTAS, PERIODICOS;70;OTROS GASTOS;CORRIENTES
300;BIENES DE CONSUMO E INSUMOS;330;PRODUC.PAPEL, CARTON E IMPRESOS;336;TEXTOS DE ENSEÑANZA;70;OTROS GASTOS;CORRIENTES
300;BIENES DE CONSUMO E INSUMOS;330;PRODUC.PAPEL, CARTON E IMPRESOS;339;PRODUC.PAPEL, CARTON E IMPRESOS, VARIOS;70;OTROS GASTOS;CORRIENTES
300;BIENES DE CONSUMO E INSUMOS;340;BIENES DE CONSUMO OFIC.E INSUMOS;341;ELEMENTOS DE LIMPIEZA;70;OTROS GASTOS;CORRIENTES
300;BIENES DE CONSUMO E INSUMOS;340;BIENES DE CONSUMO OFIC.E INSUMOS;342;UTILES DE ESCRITORIO, OFIC. Y ENS.;70;OTROS GASTOS;CORRIENTES
300;BIENES DE CONSUMO E INSUMOS;340;BIENES DE CONSUMO OFIC.E INSUMOS;343;UTILES Y MATERIALES ELECTRICOS;70;OTROS GASTOS;CORRIENTES
300;BIENES DE CONSUMO E INSUMOS;340;BIENES DE CONSUMO OFIC.E INSUMOS;344;UTENSILIOS DE COCINA Y COMEDOR;70;OTROS GASTOS;CORRIENTES
300;BIENES DE CONSUMO E INSUMOS;340;BIENES DE CONSUMO OFIC.E INSUMOS;345;PROD. DE VIDRIO, LOZA Y PORCELANA;70;OTROS GASTOS;CORRIENTES
300;BIENES DE CONSUMO E INSUMOS;340;BIENES DE CONSUMO OFIC.E INSUMOS;346;REPUESTOS Y ACCESORIOS MENORES;70;OTROS GASTOS;CORRIENTES
300;BIENES DE CONSUMO E INSUMOS;340;BIENES DE CONSUMO OFIC.E INSUMOS;347;ELEMENTOS Y ÚTILES DIVERSOS;70;OTROS GASTOS;CORRIENTES
300;BIENES DE CONSUMO E INSUMOS;340;BIENES DE CONSUMO OFIC.E INSUMOS;349;BIENES DE CONSUMO, VARIOS;70;OTROS GASTOS;CORRIENTES
300;BIENES DE CONSUMO E INSUMOS;350;PRODUC. E INST. QUIMICOS Y MEDICAMENTOS;351;COMPUESTOS QUIMICOS;62;MEDICAMENTOS;CORRIENTES
300;BIENES DE CONSUMO E INSUMOS;350;PRODUC. E INST. QUIMICOS Y MEDICAMENTOS;352;PROD. FARMACEUT. Y MEDIC.;62;MEDICAMENTOS;CORRIENTES
300;BIENES DE CONSUMO E INSUMOS;350;PRODUC. E INST. QUIMICOS Y MEDICAMENTOS;353;ABONOS Y FERTILIZANTES;62;MEDICAMENTOS;CORRIENTES
300;BIENES DE CONSUMO E INSUMOS;350;PRODUC. E INST. QUIMICOS Y MEDICAMENTOS;354;INSECTICIDAS, FUMIGANTES Y OTROS;62;MEDICAMENTOS;CORRIENTES
300;BIENES DE CONSUMO E INSUMOS;350;PRODUC. E INST. QUIMICOS Y MEDICAMENTOS;355;TINTAS, PINTURAS Y COLORANTES;62;MEDICAMENTOS;CORRIENTES
300;BIENES DE CONSUMO E INSUMOS;350;PRODUC. E INST. QUIMICOS Y MEDICAMENTOS;356;PRODUCTOS ESPECÍFICOS VETERINARIOS;62;MEDICAMENTOS;CORRIENTES
300;BIENES DE CONSUMO E INSUMOS;350;PRODUC. E INST. QUIMICOS Y MEDICAMENTOS;357;PRODUCTOS DE MATERIAL PLASTICO;62;MEDICAMENTOS;CORRIENTES
300;BIENES DE CONSUMO E INSUMOS;350;PRODUC. E INST. QUIMICOS Y MEDICAMENTOS;358;UTILES Y MAT. MEDICO-QUIRURJICOS Y DE LAB.;62;MEDICAMENTOS;CORRIENTES
300;BIENES DE CONSUMO E INSUMOS;350;PRODUC. E INST. QUIMICOS Y MEDICAMENTOS;359;PROD. E INST. QUIMICOS Y MEDICINALES, VARIOS;62;MEDICAMENTOS;CORRIENTES
300;BIENES DE CONSUMO E INSUMOS;360;COMBUSTIBLES Y LUBRICANTES;361;COMBUSTIBLES;63;COMBUSTIBES Y LUBRICANTES;CORRIENTES
300;BIENES DE CONSUMO E INSUMOS;360;COMBUSTIBLES Y LUBRICANTES;362;LUBRICANTES;63;COMBUSTIBES Y LUBRICANTES;CORRIENTES
300;BIENES DE CONSUMO E INSUMOS;360;COMBUSTIBLES Y LUBRICANTES;369;COMBUSTIBLES Y LUBRICANTES, VARIOS;63;COMBUSTIBES Y LUBRICANTES;CORRIENTES
300;BIENES DE CONSUMO E INSUMOS;390;OTROS BIENES DE CONSUMO;391;ARTICULOS DE CAUCHO;70;OTROS GASTOS;CORRIENTES
300;BIENES DE CONSUMO E INSUMOS;390;OTROS BIENES DE CONSUMO;392;CUBIERTAS Y CAMARAS DE AIRE;70;OTROS GASTOS;CORRIENTES
300;BIENES DE CONSUMO E INSUMOS;390;OTROS BIENES DE CONSUMO;393;ESTRUCTURAS METALICAS ACABADAS;70;OTROS GASTOS;CORRIENTES
300;BIENES DE CONSUMO E INSUMOS;390;OTROS BIENES DE CONSUMO;394;HERRAMIENTAS MENORES;70;OTROS GASTOS;CORRIENTES
300;BIENES DE CONSUMO E INSUMOS;390;OTROS BIENES DE CONSUMO;395;MATERIAL DE SEGURIDAD Y ADIEST.;70;OTROS GASTOS;CORRIENTES
300;BIENES DE CONSUMO E INSUMOS;390;OTROS BIENES DE CONSUMO;396;ARTICULOS DE PLASTICO;70;OTROS GASTOS;CORRIENTES
300;BIENES DE CONSUMO E INSUMOS;390;OTROS BIENES DE CONSUMO;397;PROD. E INSUMOS METALICOS;70;OTROS GASTOS;CORRIENTES
300;BIENES DE CONSUMO E INSUMOS;390;OTROS BIENES DE CONSUMO;398;PROD. E INSUMOS NO METALICOS;70;OTROS GASTOS;CORRIENTES
300;BIENES DE CONSUMO E INSUMOS;390;OTROS BIENES DE CONSUMO;399;BIENES DE CONSUMO, VARIOS;70;OTROS GASTOS;CORRIENTES
400;BIENES DE CAMBIO;410;BIENES INSUMOS DEL SECTOR AGROP. Y FORESTAL;411;PROD. PECUARIOS;70;OTROS GASTOS;CAPITAL
400;BIENES DE CAMBIO;410;BIENES INSUMOS DEL SECTOR AGROP. Y FORESTAL;412;PROD. AGROFORESTALES;70;OTROS GASTOS;CAPITAL
400;BIENES DE CAMBIO;410;BIENES INSUMOS DEL SECTOR AGROP. Y FORESTAL;413;MADERA, CORCHO Y SUS MANUFACTURAS;70;OTROS GASTOS;CAPITAL
400;BIENES DE CAMBIO;410;BIENES INSUMOS DEL SECTOR AGROP. Y FORESTAL;414;PROD. E INSUMOS AGROPECUARIOS;70;OTROS GASTOS;CAPITAL
400;BIENES DE CAMBIO;410;BIENES INSUMOS DEL SECTOR AGROP. Y FORESTAL;418;TRANSPORTE, ALMACENAJE Y OTROS GASTOS;70;OTROS GASTOS;CAPITAL
400;BIENES DE CAMBIO;410;BIENES INSUMOS DEL SECTOR AGROP. Y FORESTAL;419;INSUMOS DEL SECTOR AGROP. Y FORESTAL, VARIOS;70;OTROS GASTOS;CAPITAL
400;BIENES DE CAMBIO;420;MINERALES;421;PETROLEO CRUDO Y GAS NATURAL;70;OTROS GASTOS;CAPITAL
400;BIENES DE CAMBIO;420;MINERALES;422;PIEDRA, ARCILLA, CERAMICA, ARENA Y DERIV.;70;OTROS GASTOS;CAPITAL
400;BIENES DE CAMBIO;420;MINERALES;423;MINERALES METALIFEROS;70;OTROS GASTOS;CAPITAL
400;BIENES DE CAMBIO;420;MINERALES;424;CARBON MINERAL;70;OTROS GASTOS;CAPITAL
400;BIENES DE CAMBIO;420;MINERALES;425;CEMENTO, CAL,ASBESTO, YESO, Y SUS DERIV.;70;OTROS GASTOS;CAPITAL
400;BIENES DE CAMBIO;420;MINERALES;426;PRODUCTOS FERROSOS;70;OTROS GASTOS;CAPITAL
400;BIENES DE CAMBIO;420;MINERALES;427;PRODUCTOS NO FERROSOS;70;OTROS GASTOS;CAPITAL
400;BIENES DE CAMBIO;420;MINERALES;428;TRANSPORTE, ALMACENAJE Y OTROS GASTOS;70;OTROS GASTOS;CAPITAL
400;BIENES DE CAMBIO;420;MINERALES;429;MINERALES, VARIOS;70;OTROS GASTOS;CAPITAL
400;BIENES DE CAMBIO;430;INSUMOS INDUSTRIALES;431;INSUMOS INDUSTRIALES;70;OTROS GASTOS;CAPITAL
400;BIENES DE CAMBIO;430;INSUMOS INDUSTRIALES;438;TRANSPORTE, ALMACENAJE Y OTROS GASTOS;70;OTROS GASTOS;CAPITAL
400;BIENES DE CAMBIO;430;INSUMOS INDUSTRIALES;439;INSUMOS INDUSTRIALES VARIOS;70;OTROS GASTOS;CAPITAL
400;BIENES DE CAMBIO;440;ENERGIA Y COMBUSTIBLES;441;ENERGIA;70;OTROS GASTOS;CAPITAL
400;BIENES DE CAMBIO;440;ENERGIA Y COMBUSTIBLES;442;COMBUSTIBLES;70;OTROS GASTOS;CAPITAL
400;BIENES DE CAMBIO;440;ENERGIA Y COMBUSTIBLES;443;LUBRICANTES;70;OTROS GASTOS;CAPITAL
400;BIENES DE CAMBIO;440;ENERGIA Y COMBUSTIBLES;448;TRANSPORTE, ALMACENAJE Y OTROS GASTOS;70;OTROS GASTOS;CAPITAL
400;BIENES DE CAMBIO;440;ENERGIA Y COMBUSTIBLES;449;ENERGIA Y COMBUSTIBLES, VARIOS;70;OTROS GASTOS;CAPITAL
400;BIENES DE CAMBIO;450;TIERRAS, TERRENOS Y EDIFICACIONES;451;TIERRAS, TERRENOS Y EDIFICACIONES;70;OTROS GASTOS;CAPITAL
400;BIENES DE CAMBIO;450;TIERRAS, TERRENOS Y EDIFICACIONES;458;MENSURAS Y OTROS GASTOS;70;OTROS GASTOS;CAPITAL
400;BIENES DE CAMBIO;450;TIERRAS, TERRENOS Y EDIFICACIONES;459;TIERRAS, TERRENOS Y EDIFICACIONES VARIAS;70;OTROS GASTOS;CAPITAL
400;BIENES DE CAMBIO;490;OTRAS MAT. PRIMAS Y PROD. SEMIELAB.;491;ESPECIES TIMBRADAS Y VALORES;70;OTROS GASTOS;CAPITAL
400;BIENES DE CAMBIO;490;OTRAS MAT. PRIMAS Y PROD. SEMIELAB.;492;INSUMOS QUIMICOS Y DE LAB. INDUST.;70;OTROS GASTOS;CAPITAL
400;BIENES DE CAMBIO;490;OTRAS MAT. PRIMAS Y PROD. SEMIELAB.;498;TRANSPORTE, ALMACENAJE Y OTROS GASTOS;70;OTROS GASTOS;CAPITAL
400;BIENES DE CAMBIO;490;OTRAS MAT. PRIMAS Y PROD. SEMIELAB.;499;MATERIAS PRIMAS Y PROD. SEMIELAB., VARIOS;70;OTROS GASTOS;CAPITAL
500;INVERSION FISICA;510;ADQUISICION DE INMUEBLES;511;TIERRAS Y TERRENOS;50;INVERSIONES;CAPITAL
500;INVERSION FISICA;510;ADQUISICION DE INMUEBLES;512;ADQ. DE EDIF. E INSTALAC.;50;INVERSIONES;CAPITAL
500;INVERSION FISICA;510;ADQUISICION DE INMUEBLES;519;ADQUISICIONES DE INMUEBLES VARIOS;50;INVERSIONES;CAPITAL
500;INVERSION FISICA;520;CONSTRUCCIONES;521;CONST. DE OBRAS DE USO PÚBLICO;50;INVERSIONES;CAPITAL
500;INVERSION FISICA;520;CONSTRUCCIONES;522;CONST. DE OBRAS DE USO INSTITUC.;50;INVERSIONES;CAPITAL
500;INVERSION FISICA;520;CONSTRUCCIONES;523;CONST. DE OBRAS DE USO MILITAR;50;INVERSIONES;CAPITAL
500;INVERSION FISICA;520;CONSTRUCCIONES;524;CONST. DE OBRAS DE USO PRIVADO;50;INVERSIONES;CAPITAL
500;INVERSION FISICA;520;CONSTRUCCIONES;525;CONST. DE OBRAS DE INFRAESTRUCTURA;50;INVERSIONES;CAPITAL
500;INVERSION FISICA;520;CONSTRUCCIONES;526;OBRAS E INSTALAC. VARIAS DE INFRAEST.;50;INVERSIONES;CAPITAL
500;INVERSION FISICA;520;CONSTRUCCIONES;528;ESCALAMIENTO DE COSTOS;50;INVERSIONES;CAPITAL
500;INVERSION FISICA;520;CONSTRUCCIONES;529;CONSTRUCCIONES VARIAS;50;INVERSIONES;CAPITAL
500;INVERSION FISICA;530;ADQ. DE MAQ. EQ. Y HERRAM. MAY.;531;MAQ. Y EQ. DE CONSTRUCCION;50;INVERSIONES;CAPITAL
500;INVERSION FISICA;530;ADQ. DE MAQ. EQ. Y HERRAM. MAY.;532;MAQ. Y EQ. AGROPEC. E INDUSTRIALES;50;INVERSIONES;CAPITAL
500;INVERSION FISICA;530;ADQ. DE MAQ. EQ. Y HERRAM. MAY.;533;MAQ. Y EQ. INDUSTRIALES;50;INVERSIONES;CAPITAL
500;INVERSION FISICA;530;ADQ. DE MAQ. EQ. Y HERRAM. MAY.;534;EQ. EDUC. Y RECREAC.;50;INVERSIONES;CAPITAL
500;INVERSION FISICA;530;ADQ. DE MAQ. EQ. Y HERRAM. MAY.;535;EQ. DE SALUD Y LABORATORIO;50;INVERSIONES;CAPITAL
500;INVERSION FISICA;530;ADQ. DE MAQ. EQ. Y HERRAM. MAY.;536;EQ. COMUNICACIÓN Y SEÑALAM.;50;INVERSIONES;CAPITAL
500;INVERSION FISICA;530;ADQ. DE MAQ. EQ. Y HERRAM. MAY.;537;EQUIPOS DE TRANSPORTE;50;INVERSIONES;CAPITAL
500;INVERSION FISICA;530;ADQ. DE MAQ. EQ. Y HERRAM. MAY.;538;HERRAM., APARATOS E INST. EN GRAL.;50;INVERSIONES;CAPITAL
500;INVERSION FISICA;530;ADQ. DE MAQ. EQ. Y HERRAM. MAY.;539;MAQ. EQUIPOS Y HERRAM. MAYORES, VARIOS;50;INVERSIONES;CAPITAL
500;INVERSION FISICA;540;ADQ. DE EQ. OFIC. Y COMP.;541;ADQ. DE MUEBLES Y ENSERES;50;INVERSIONES;CAPITAL
500;INVERSION FISICA;540;ADQ. DE EQ. OFIC. Y COMP.;542;ADQ. DE EQUIPOS DE OFICINA;50;INVERSIONES;CAPITAL
500;INVERSION FISICA;540;ADQ. DE EQ. OFIC. Y COMP.;543;ADQ. DE EQ. DE COMPUTACION;50;INVERSIONES;CAPITAL
500;INVERSION FISICA;540;ADQ. DE EQ. OFIC. Y COMP.;544;ADQ. DE EQ. DE IMPRENTA;50;INVERSIONES;CAPITAL
500;INVERSION FISICA;540;ADQ. DE EQ. OFIC. Y COMP.;549;ADQUISICIONES DE EQUIPOS DE OFICINA Y COMPUTACIÓN VARIAS;50;INVERSIONES;CAPITAL
500;INVERSION FISICA;550;ADQ. DE EQ. MILITAR Y DE SEGURIDAD;551;EQ. MILITAR Y DE SEGURIDAD;50;INVERSIONES;CAPITAL
500;INVERSION FISICA;550;ADQ. DE EQ. MILITAR Y DE SEGURIDAD;552;EQ. DE SEGURIDAD INSTITUC.;50;INVERSIONES;CAPITAL
500;INVERSION FISICA;550;ADQ. DE EQ. MILITAR Y DE SEGURIDAD;559;EQUIPOS MILITARES Y DE SEGURIDAD VARIOS;50;INVERSIONES;CAPITAL
500;INVERSION FISICA;560;ADQ. DE SEMOVIENTES;569;ADQ. DE SEMOVIENTES;50;INVERSIONES;CAPITAL
500;INVERSION FISICA;570;ADQ. DE ACTIVOS INTANGIBLES;579;ACTIVOS INTANGIBLES;50;INVERSIONES;CAPITAL
500;INVERSION FISICA;580;ESTUDIOS PROY. INVERSION;589;ESTUDIOS Y PROYECTOS DE INVERSIÓN VARIOS;50;INVERSIONES;CAPITAL
500;INVERSION FISICA;590;OTROS GASTOS DE INV. Y REP. MAYORES;591;INV. EN REC. NAT. AL SECTOR PUB.;50;INVERSIONES;CAPITAL
500;INVERSION FISICA;590;OTROS GASTOS DE INV. Y REP. MAYORES;592;INV. EN REC. NAT. AL SECTOR PRIV.;50;INVERSIONES;CAPITAL
500;INVERSION FISICA;590;OTROS GASTOS DE INV. Y REP. MAYORES;593;OTRAS INVERSIONES;50;INVERSIONES;CAPITAL
500;INVERSION FISICA;590;OTROS GASTOS DE INV. Y REP. MAYORES;594;REPARAC. MAY. DE INMUEBLES;50;INVERSIONES;CAPITAL
500;INVERSION FISICA;590;OTROS GASTOS DE INV. Y REP. MAYORES;595;REPARAC. MAY. DE EQUIPOS;50;INVERSIONES;CAPITAL
500;INVERSION FISICA;590;OTROS GASTOS DE INV. Y REP. MAYORES;596;REPARAC. MAY. DE MAQ.;50;INVERSIONES;CAPITAL
500;INVERSION FISICA;590;OTROS GASTOS DE INV. Y REP. MAYORES;597;REPARAC. MAY. DE INSTALAC.;50;INVERSIONES;CAPITAL
500;INVERSION FISICA;590;OTROS GASTOS DE INV. Y REP. MAYORES;598;REPARAC. MAY. DE HERRAM. Y OTROS;50;INVERSIONES;CAPITAL
500;INVERSION FISICA;590;OTROS GASTOS DE INV. Y REP. MAYORES;599;REPARAC. MAYORES, VARIOS;50;INVERSIONES;CAPITAL
600;INVERSION FINANCIERA;610;ACCIONES Y PARTICIPACIONES DE CAPITAL;611;APORTES DE CAPITAL EN ENTIDADES NACIONALES;70;OTROS;CAPITAL
600;INVERSION FINANCIERA;610;ACCIONES Y PARTICIPACIONES DE CAPITAL;612;APORTES DE CAPITAL EN ENTIDADES BINACIONALES;70;OTROS;CAPITAL
600;INVERSION FINANCIERA;610;ACCIONES Y PARTICIPACIONES DE CAPITAL;613;APORTES DE CAPITAL EN ORGANISMOS INTERNACIONALES;70;OTROS;CAPITAL
600;INVERSION FINANCIERA;610;ACCIONES Y PARTICIPACIONES DE CAPITAL;619;ACCIONES Y PARTICIPACIÓN DE CAPITAL VARIOS;70;OTROS;CAPITAL
600;INVERSION FINANCIERA;620;PRESTAMOS A ENTIDADES DEL SECTOR PÚBLICO;621;PRÉSTAMOS VARIOS A ENTIDADES DEL SECTOR PÚBLICO;70;OTROS;CAPITAL
600;INVERSION FINANCIERA;620;PRESTAMOS A ENTIDADES DEL SECTOR PÚBLICO;629;PRÉSTAMOS A ENTIDADES DEL SECTOR PÚBLICO VARIOS;70;OTROS;CAPITAL
600;INVERSION FINANCIERA;630;PRESTAMOS AL SECTOR PRIVADO;631;PRÉSTAMOS A FAMILIAS;70;OTROS;CAPITAL
600;INVERSION FINANCIERA;630;PRESTAMOS AL SECTOR PRIVADO;632;PRÉSTAMOS A EMPRESAS PRIVADAS;70;OTROS;CAPITAL
600;INVERSION FINANCIERA;630;PRESTAMOS AL SECTOR PRIVADO;633;GARANTÍA PARA PRÉSTAMOS;70;OTROS;CAPITAL
600;INVERSION FINANCIERA;630;PRESTAMOS AL SECTOR PRIVADO;634;CONTRATO FIDUCIARIO;70;OTROS;CAPITAL
600;INVERSION FINANCIERA;630;PRESTAMOS AL SECTOR PRIVADO;635;PRÉSTAMOS AL FONDO PARA VIVIENDAS COOPERATIVAS (FONCOOP);70;OTROS;CAPITAL
600;INVERSION FINANCIERA;630;PRESTAMOS AL SECTOR PRIVADO;639;PRÉSTAMOS AL SECTOR PRIVADO VARIOS;70;OTROS;CAPITAL
600;INVERSION FINANCIERA;640;ADQUISICIONES DE TITULOS Y VALORES;641;TÍTULOS Y VALORES VARIOS;70;OTROS;CAPITAL
600;INVERSION FINANCIERA;640;ADQUISICIONES DE TITULOS Y VALORES;642;ADQUISICION DE BONOS Y OTROS VALORES CON FONDOS DE JUBILACIONES;70;OTROS;CAPITAL
600;INVERSION FINANCIERA;640;ADQUISICIONES DE TITULOS Y VALORES;649;ADQUISICIONES DE TÍTULOS Y VALORES VARIOS;70;OTROS;CAPITAL
600;INVERSION FINANCIERA;650;DEPOSITOS A PLAZO FIJO;651;DEPÓSITOS A PLAZO FIJO;70;OTROS;CAPITAL
600;INVERSION FINANCIERA;650;DEPOSITOS A PLAZO FIJO;659;DEPÓSITOS A PLAZO FIJO VARIOS;70;OTROS;CAPITAL
600;INVERSION FINANCIERA;660;PRESTAMOS A INSTITUCIONES FINANCIERAS INTERMEDIARIAS;661;PRÉSTAMOS A INSTITUCIONES FINANCIERAS INTERMEDIARIAS;70;OTROS;CAPITAL
600;INVERSION FINANCIERA;660;PRESTAMOS A INSTITUCIONES FINANCIERAS INTERMEDIARIAS;669;PRÉSTAMOS A INSTITUCIONES FINANCIERAS INTERMEDIARIAS VARIOS;70;OTROS;CAPITAL
700;TRANSFERENCIAS;710;INTERESES DE LA DEUDA PÚBLICA INTERNA;711;INTERESES DE LA DEUDA C/ SEC. PUB. FINANC.;41;DEUDA INTERNA;CORRIENTES
700;TRANSFERENCIAS;710;INTERESES DE LA DEUDA PÚBLICA INTERNA;712;INTERESES DE LA DEUDA C/ SEC. PUB. NO FIN.;41;DEUDA INTERNA;CORRIENTES
700;TRANSFERENCIAS;710;INTERESES DE LA DEUDA PÚBLICA INTERNA;713;INTERESES DE LA DEUDA C/ EL SEC. PRIV.;41;DEUDA INTERNA;CORRIENTES
700;TRANSFERENCIAS;710;INTERESES DE LA DEUDA PÚBLICA INTERNA;714;INTERESES DEL CRED. INTERNO DE PROV.;41;DEUDA INTERNA;CORRIENTES
700;TRANSFERENCIAS;710;INTERESES DE LA DEUDA PÚBLICA INTERNA;715;INTERESES POR DEUDA BONIFICADA;41;DEUDA INTERNA;CORRIENTES
700;TRANSFERENCIAS;710;INTERESES DE LA DEUDA PÚBLICA INTERNA;719;INTERESES DEUDA PÚBLICA INTERNA VARIOS;41;DEUDA INTERNA;CORRIENTES
700;TRANSFERENCIAS;720;INTERESES DE LA DEUDA PÚB. EXTERNA;721;INTERESES DE LA DEUDA C/ ORG. MULTIL.;42;DEUDA EXTERNA;CORRIENTES
700;TRANSFERENCIAS;720;INTERESES DE LA DEUDA PÚB. EXTERNA;722;INTERESES DE LA DEUDA C/ GOB. EXT. Y AG. FIN.;42;DEUDA EXTERNA;CORRIENTES
700;TRANSFERENCIAS;720;INTERESES DE LA DEUDA PÚB. EXTERNA;723;INTERESES DE LA DEUDA C/ ENTES FIN. PRIV. EXT.;42;DEUDA EXTERNA;CORRIENTES
700;TRANSFERENCIAS;720;INTERESES DE LA DEUDA PÚB. EXTERNA;724;INTERESES DE LA DEUDA C/ PROV. DEL EXTERIOR;42;DEUDA EXTERNA;CORRIENTES
700;TRANSFERENCIAS;720;INTERESES DE LA DEUDA PÚB. EXTERNA;725;INTERESES P/ DEUDA EXTERNA BONIFICADA;42;DEUDA EXTERNA;CORRIENTES
700;TRANSFERENCIAS;720;INTERESES DE LA DEUDA PÚB. EXTERNA;729;INTERESES DE LA DEUDA PÚBLICA EXTERNA VARIOS;42;DEUDA EXTERNA;CORRIENTES
700;TRANSFERENCIAS;730;AMORTIZ. DEUDA PÚBLICA INTERNA;731;AMORTIZ. DEUDA C/ SEC. PUB. FINANC.;41;DEUDA INTERNA;CAPITAL
700;TRANSFERENCIAS;730;AMORTIZ. DEUDA PÚBLICA INTERNA;732;AMORTIZ. DEUDA C/ SEC. PUB. NO FINANC.;41;DEUDA INTERNA;CAPITAL
700;TRANSFERENCIAS;730;AMORTIZ. DEUDA PÚBLICA INTERNA;733;AMORTIZ. DEUDA C/ SEC. PRIVADO;41;DEUDA INTERNA;CAPITAL
700;TRANSFERENCIAS;730;AMORTIZ. DEUDA PÚBLICA INTERNA;734;AMORTIZ. CREDITO INTERNO A PROV.;41;DEUDA INTERNA;CAPITAL
700;TRANSFERENCIAS;730;AMORTIZ. DEUDA PÚBLICA INTERNA;735;AMORTIZ. POR DEUDA BONIF.;41;DEUDA INTERNA;CAPITAL
700;TRANSFERENCIAS;730;AMORTIZ. DEUDA PÚBLICA INTERNA;739;AMORTIZACIONES DE LA DEUDA PÚBLICA INTERNA VARIAS;41;DEUDA INTERNA;CAPITAL
700;TRANSFERENCIAS;740;AMORTIZ. DEUDA PÚBLICA EXTERNA;741;AMORTIZ. DEUDA C/ ORG. MULTILAT.;42;DEUDA EXTERNA;CAPITAL
700;TRANSFERENCIAS;740;AMORTIZ. DEUDA PÚBLICA EXTERNA;742;AMORTIZ.  DEUDA C/ GOB. EXT. Y AG. FIN.;42;DEUDA EXTERNA;CAPITAL
700;TRANSFERENCIAS;740;AMORTIZ. DEUDA PÚBLICA EXTERNA;743;AMORTIZ.  DEUDA C/ ENTES FIN. PRIV. EXT.;42;DEUDA EXTERNA;CAPITAL
700;TRANSFERENCIAS;740;AMORTIZ. DEUDA PÚBLICA EXTERNA;744;AMORTIZ. DEUDA C/ PROV. DEL EXTERIOR;42;DEUDA EXTERNA;CAPITAL
700;TRANSFERENCIAS;740;AMORTIZ. DEUDA PÚBLICA EXTERNA;745;AMORTIZ. DEUDA EXTERNA BONIFICADA;42;DEUDA EXTERNA;CAPITAL
700;TRANSFERENCIAS;740;AMORTIZ. DEUDA PÚBLICA EXTERNA;749;AMORTIZACIONES DE LA DEUDA PÚBLICA EXTERNA VARIAS;42;DEUDA EXTERNA;CAPITAL
700;TRANSFERENCIAS;750;COMISIONES;751;COM. Y OTROS GASTOS DE LA DEUDA INT.;41;DEUDA INTERNA;CORRIENTES
700;TRANSFERENCIAS;750;COMISIONES;752;COM. Y OTROS GASTOS DE LA DEUDA EXT.;42;DEUDA EXTERNA;CORRIENTES
700;TRANSFERENCIAS;750;COMISIONES;753;COM. Y OTROS GASTOS DE LA DEUDA INT. BONIF.;41;DEUDA INTERNA;CORRIENTES
700;TRANSFERENCIAS;750;COMISIONES;754;COM. Y OTROS GASTOS DE LA DEUDA EXT. BONIF.;42;DEUDA EXTERNA;CORRIENTES
700;TRANSFERENCIAS;750;COMISIONES;759;COMISIONES VARIAS;42;DEUDA EXTERNA;CORRIENTES
700;TRANSFERENCIAS;760;OTROS GASTOS SERV. DEUDA PÚBLICA;761;AMORTIZ. DEUDA PÚBLICA EXTERNA;42;DEUDA EXTERNA;CAPITAL
700;TRANSFERENCIAS;760;OTROS GASTOS SERV. DEUDA PÚBLICA;762;AMORTIZ. DEUDA PÚBLICA EXTERNA BONIF.;42;DEUDA EXTERNA;CAPITAL
700;TRANSFERENCIAS;760;OTROS GASTOS SERV. DEUDA PÚBLICA;763;INTERESES DE LA DEUDA PÚB. EXTERNA;42;DEUDA EXTERNA;CAPITAL
700;TRANSFERENCIAS;760;OTROS GASTOS SERV. DEUDA PÚBLICA;764;INTERESES DE LA DEUDA PÚB. EXTERNA BONIF.;42;DEUDA EXTERNA;CAPITAL
700;TRANSFERENCIAS;760;OTROS GASTOS SERV. DEUDA PÚBLICA;765;COMIS. Y OTROS GASTOS DEUDA PÚB. EXT.;42;DEUDA EXTERNA;CAPITAL
700;TRANSFERENCIAS;760;OTROS GASTOS SERV. DEUDA PÚBLICA;766;COMIS. Y OTROS GASTOS DEUDA PÚB. EXT. BONIF.;42;DEUDA EXTERNA;CAPITAL
700;TRANSFERENCIAS;760;OTROS GASTOS SERV. DEUDA PÚBLICA;769;OTROS GASTOS DEL SERVICIO DE LA DEUDA PÚBLICA VARIOS;42;DEUDA EXTERNA;CAPITAL
800;TRANSFERENCIA;810;TRANSF. CONSOLID. CORR. AL SECTOR PUBLICO;811;TRANSF. CONSOLID. ADM. CTRAL. A ENT.DESC.;32;TRANSFERENCIAS CORRIENTES PARA DESCENTRALIZADAS;CORRIENTES
800;TRANSFERENCIA;810;TRANSF. CONSOLID. CORR. AL SECTOR PUBLICO;812;TRANSF. CONSOLID. ENT. DESC. A ADM. CTRAL.;34;TRANSF. CONSOLID. CORRIENTES AL SECTOR PÚBLICO;CORRIENTES
800;TRANSFERENCIA;810;TRANSF. CONSOLID. CORR. AL SECTOR PUBLICO;813;TRANSF. CONSOLID. P/ COPARTIC. DE IVA;32;TRANSFERENCIAS CORRIENTES PARA DESCENTRALIZADAS;CORRIENTES
800;TRANSFERENCIA;810;TRANSF. CONSOLID. CORR. AL SECTOR PUBLICO;814;TRANSF. CONSOLID. P/ COPARTIC. JGOS. AZAR;32;TRANSFERENCIAS CORRIENTES PARA DESCENTRALIZADAS;CORRIENTES
800;TRANSFERENCIA;810;TRANSF. CONSOLID. CORR. AL SECTOR PUBLICO;815;TRANSF. CONSOLID. P/ COPARTIC. ROYALTIES;32;TRANSFERENCIAS CORRIENTES PARA DESCENTRALIZADAS;CORRIENTES
800;TRANSFERENCIA;810;TRANSF. CONSOLID. CORR. AL SECTOR PUBLICO;816;TRANSF. CONSOLID. E/ ENT. DESCENT.;34;TRANSF. CONSOLID. CORRIENTES AL SECTOR PÚBLICO;CORRIENTES
800;TRANSFERENCIA;810;TRANSF. CONSOLID. CORR. AL SECTOR PUBLICO;817;TRANSF. CONSOLID. E/ ORG. ADM. CENTRAL;34;TRANSF. CONSOLID. CORRIENTES AL SECTOR PÚBLICO;CORRIENTES
800;TRANSFERENCIA;810;TRANSF. CONSOLID. CORR. AL SECTOR PUBLICO;818;TRANSF. CONSOLID. DE LAS E.D. A LA ADM. CENTRAL;34;TRANSF. CONSOLID. CORRIENTES AL SECTOR PÚBLICO;CORRIENTES
800;TRANSFERENCIA;810;TRANSF. CONSOLID. CORR. AL SECTOR PUBLICO;819;OTRAS TRANSF. CONSOLID. CORRIENTES;34;TRANSF. CONSOLID. CORRIENTES AL SECTOR PÚBLICO;CORRIENTES
800;TRANSFERENCIA;820;TRANSF. A JUBIL. Y PENSIONADOS;821;JUBIL. Y PENS. FUNC. Y EMP. SECTOR PUB. Y PRIV.;31;TRANSF. A JUBIL. Y PENSIONADOS;CORRIENTES
800;TRANSFERENCIA;820;TRANSF. A JUBIL. Y PENSIONADOS;822;JUBIL. Y PENS. MAGISTRADOS JUDIC.;31;TRANSF. A JUBIL. Y PENSIONADOS;CORRIENTES
800;TRANSFERENCIA;820;TRANSF. A JUBIL. Y PENSIONADOS;823;JUBIL. Y PENS. MAGISTERIO NACIONAL;31;TRANSF. A JUBIL. Y PENSIONADOS;CORRIENTES
800;TRANSFERENCIA;820;TRANSF. A JUBIL. Y PENSIONADOS;824;JUBIL. Y PENS. DOCENTES UNIVERS.;31;TRANSF. A JUBIL. Y PENSIONADOS;CORRIENTES
800;TRANSFERENCIA;820;TRANSF. A JUBIL. Y PENSIONADOS;825;JUBIL. Y PENS. FUERZAS ARMADAS;31;TRANSF. A JUBIL. Y PENSIONADOS;CORRIENTES
800;TRANSFERENCIA;820;TRANSF. A JUBIL. Y PENSIONADOS;826;JUBIL. Y PENS. FUERZAS POLICIALES;31;TRANSF. A JUBIL. Y PENSIONADOS;CORRIENTES
800;TRANSFERENCIA;820;TRANSF. A JUBIL. Y PENSIONADOS;827;PENSIONES GRACIABLES;31;TRANSF. A JUBIL. Y PENSIONADOS;CORRIENTES
800;TRANSFERENCIA;820;TRANSF. A JUBIL. Y PENSIONADOS;828;PENSIONES VARIAS;31;TRANSF. A JUBIL. Y PENSIONADOS;CORRIENTES
800;TRANSFERENCIA;820;TRANSF. A JUBIL. Y PENSIONADOS;829;OTRAS TRANSF. A JUBILADOS Y PENS.;31;TRANSF. A JUBIL. Y PENSIONADOS;CORRIENTES
800;TRANSFERENCIA;830;OTRAS TRANSF. CORR. AL SECTOR PUB. O PRIV.;831;APORTES A ENT.C/FINES SOC. O EMERG.NAC.;34;TRANSF. CONSOLID. CORRIENTES AL SECTOR PÚBLICO;CORRIENTES
800;TRANSFERENCIA;830;OTRAS TRANSF. CORR. AL SECTOR PUB. O PRIV.;832;APORTES DEL TESORO NACIONAL;34;TRANSF. CONSOLID. CORRIENTES AL SECTOR PÚBLICO;CORRIENTES
800;TRANSFERENCIA;830;OTRAS TRANSF. CORR. AL SECTOR PUB. O PRIV.;833;TRANSF. A MUNICIPALIDADES;34;TRANSF. CONSOLID. CORRIENTES AL SECTOR PÚBLICO;CORRIENTES
800;TRANSFERENCIA;830;OTRAS TRANSF. CORR. AL SECTOR PUB. O PRIV.;834;OTRAS TRANSF. AL SECTOR PÚB. Y ORG.  REGIONALES;34;TRANSF. CONSOLID. CORRIENTES AL SECTOR PÚBLICO;CORRIENTES
800;TRANSFERENCIA;830;OTRAS TRANSF. CORR. AL SECTOR PUB. O PRIV.;835;OTROS APORTES DE LA TESORERIS GRAL.;34;TRANSF. CONSOLID. CORRIENTES AL SECTOR PÚBLICO;CORRIENTES
800;TRANSFERENCIA;830;OTRAS TRANSF. CORR. AL SECTOR PUB. O PRIV.;836;TRANSF. A ORGANIZ. MUNICIPALES;34;TRANSF. CONSOLID. CORRIENTES AL SECTOR PÚBLICO;CORRIENTES
800;TRANSFERENCIA;830;OTRAS TRANSF. CORR. AL SECTOR PUB. O PRIV.;837;TRANSFERENCIAS A ENTIDADES DE SEGURIDAD SOCIAL;34;TRANSF. CONSOLID. CORRIENTES AL SECTOR PÚBLICO;CORRIENTES
800;TRANSFERENCIA;830;OTRAS TRANSF. CORR. AL SECTOR PUB. O PRIV.;838;TRANSFERENCIAS POR SUBSIDIO DE TARIFA SOCIAL A LA ANDE – LEY N° 2501/04 “QUE AMPLIA LA TARIFA SOCIAL DE ENERGIA ELECTRICA”;34;TRANSF. CONSOLID. CORRIENTES AL SECTOR PÚBLICO;CORRIENTES
800;TRANSFERENCIA;830;OTRAS TRANSF. CORR. AL SECTOR PUB. O PRIV.;839;OTRAS TRANSFERENCIAS CORRIENTES AL SECTOR PÚBLICO O PRIVADO VARIAS;34;TRANSF. CONSOLID. CORRIENTES AL SECTOR PÚBLICO;CORRIENTES
800;TRANSFERENCIA;840;TRANSF. CORR. AL SECTOR PRIVADO;841;BECAS;34;TRANSF. CONSOLID. CORRIENTES AL SECTOR PÚBLICO;CORRIENTES
800;TRANSFERENCIA;840;TRANSF. CORR. AL SECTOR PRIVADO;842;APORTES A ENT.EDUC. E INST. S/FINES DE LUCRO;34;TRANSF. CONSOLID. CORRIENTES AL SECTOR PÚBLICO;CORRIENTES
800;TRANSFERENCIA;840;TRANSF. CORR. AL SECTOR PRIVADO;843;APORTES A PARTIDOS POLITICOS;34;TRANSF. CONSOLID. CORRIENTES AL SECTOR PÚBLICO;CORRIENTES
800;TRANSFERENCIA;840;TRANSF. CORR. AL SECTOR PRIVADO;844;SUBSIDIO A LOS PARTIDOS POLITICOS;34;TRANSF. CONSOLID. CORRIENTES AL SECTOR PÚBLICO;CORRIENTES
800;TRANSFERENCIA;840;TRANSF. CORR. AL SECTOR PRIVADO;845;INDEMNIZACIONES;34;TRANSF. CONSOLID. CORRIENTES AL SECTOR PÚBLICO;CORRIENTES
800;TRANSFERENCIA;840;TRANSF. CORR. AL SECTOR PRIVADO;846;SUBSIDIOS Y ASISTENCIA SOCIAL A PERSONAS Y FAMILIAS DEL SECTOR PRIVADO;34;TRANSF. CONSOLID. CORRIENTES AL SECTOR PÚBLICO;CORRIENTES
800;TRANSFERENCIA;840;TRANSF. CORR. AL SECTOR PRIVADO;847;APORTES DE PROGRAMAS DE EDUCACIÓN PÚBLICA;34;TRANSF. CONSOLID. CORRIENTES AL SECTOR PÚBLICO;CORRIENTES
800;TRANSFERENCIA;840;TRANSF. CORR. AL SECTOR PRIVADO;848;TRANSFERENCIAS PARA ALIMENTACIÓN ESCOLAR;34;TRANSF. CONSOLID. CORRIENTES AL SECTOR PÚBLICO;CORRIENTES
800;TRANSFERENCIA;840;TRANSF. CORR. AL SECTOR PRIVADO;849;OTRAS TRANS. CORRIENTES;34;TRANSF. CONSOLID. CORRIENTES AL SECTOR PÚBLICO;CORRIENTES
800;TRANSFERENCIA;850;TRANSF. CORR. AL SECTOR EXTERNO;851;TRANSF. CORR. AL SECTOR EXTERNO;34;TRANSF. CONSOLID. CORRIENTES AL SECTOR PÚBLICO;CORRIENTES
800;TRANSFERENCIA;850;TRANSF. CORR. AL SECTOR EXTERNO;852;TRANSF. CORR. A ENTIDADES DEL SECTOR PRIVADO EXTERNO Y/O PÚBLICO DEL EXTERIOR;34;TRANSF. CONSOLID. CORRIENTES AL SECTOR PÚBLICO;CORRIENTES
800;TRANSFERENCIA;850;TRANSF. CORR. AL SECTOR EXTERNO;853;TRANSF. CORR. A ORG. Y AG. ESPECIALIZ.;34;TRANSF. CONSOLID. CORRIENTES AL SECTOR PÚBLICO;CORRIENTES
800;TRANSFERENCIA;850;TRANSF. CORR. AL SECTOR EXTERNO;854;TRANSF. CORR. A REP. DIPLOMATICAS Y CONSULARES Y OPERACIONES MILITARES A CARGO DE LAS NN.UU;34;TRANSF. CONSOLID. CORRIENTES AL SECTOR PÚBLICO;CORRIENTES
800;TRANSFERENCIA;850;TRANSF. CORR. AL SECTOR EXTERNO;859;TRANSFERENCIAS CORRIENTES AL SECTOR EXTERNO VARIAS;34;TRANSF. CONSOLID. CORRIENTES AL SECTOR PÚBLICO;CORRIENTES
800;TRANSFERENCIA;860;TRANSF. CONSOLID. DE CAPITAL AL SECTOR PUB.;861;TRANSF. CONSOLID. ADM. CTRAL. A ENT.DESC.;33;TRANSFERENCIAS DE CAPITAL PARA DESCENTRALIZADAS;CAPITAL
800;TRANSFERENCIA;860;TRANSF. CONSOLID. DE CAPITAL AL SECTOR PUB.;862;TRANSF. CONSOLID. ENT. DESC. A ADM. CTRAL.;35;TRANSF. CONSOLID. DE CAPITAL AL SECTOR PÚBLICO;CAPITAL
800;TRANSFERENCIA;860;TRANSF. CONSOLID. DE CAPITAL AL SECTOR PUB.;863;TRANSF. CONSOLID. P/ COPARTICIPACION IVA;33;TRANSFERENCIAS DE CAPITAL PARA DESCENTRALIZADAS;CAPITAL
800;TRANSFERENCIA;860;TRANSF. CONSOLID. DE CAPITAL AL SECTOR PUB.;864;TRANSF. CONSOLID. P/ COPARTIC. JGOS. AZAR;33;TRANSFERENCIAS DE CAPITAL PARA DESCENTRALIZADAS;CAPITAL
800;TRANSFERENCIA;860;TRANSF. CONSOLID. DE CAPITAL AL SECTOR PUB.;865;TRANSF. CONSOLID. P/ COPARTIC. ROYALTIES;33;TRANSFERENCIAS DE CAPITAL PARA DESCENTRALIZADAS;CAPITAL
800;TRANSFERENCIA;860;TRANSF. CONSOLID. DE CAPITAL AL SECTOR PUB.;866;TRANSF. CONSOLID. E/ ENT. DESCENT.;35;TRANSF. CONSOLID. DE CAPITAL AL SECTOR PÚBLICO;CAPITAL
800;TRANSFERENCIA;860;TRANSF. CONSOLID. DE CAPITAL AL SECTOR PUB.;867;TRANSF. CONSOLID. E/ ORG. ADM. CENTRAL;35;TRANSF. CONSOLID. DE CAPITAL AL SECTOR PÚBLICO;CAPITAL
800;TRANSFERENCIA;860;TRANSF. CONSOLID. DE CAPITAL AL SECTOR PUB.;868;TRANSF. CONSOLID. E.D. A A.C.;35;TRANSF. CONSOLID. DE CAPITAL AL SECTOR PÚBLICO;CAPITAL
800;TRANSFERENCIA;860;TRANSF. CONSOLID. DE CAPITAL AL SECTOR PUB.;869;OTRAS TRANSF. CONSOLID. DE CAPITAL;35;TRANSF. CONSOLID. DE CAPITAL AL SECTOR PÚBLICO;CAPITAL
800;TRANSFERENCIA;870;TRANSF. DE CAPITAL AL SECTOR PRIV.;871;TRANSF. DE CAPITAL AL SECTOR PRIV., VARIAS;35;TRANSF. CONSOLID. DE CAPITAL AL SECTOR PÚBLICO;CAPITAL
800;TRANSFERENCIA;870;TRANSF. DE CAPITAL AL SECTOR PRIV.;872;TRANSFERENCIAS DEL FONDO DE SERVICIOS UNIVERSALES;35;TRANSF. CONSOLID. DE CAPITAL AL SECTOR PÚBLICO;CAPITAL
800;TRANSFERENCIA;870;TRANSF. DE CAPITAL AL SECTOR PRIV.;873;TRANSF. A PRODUC. INDIVIDUALES Y/O ORG. DE PRODUC. AGROPECUARIOS, FORESTALES Y COMUN.;35;TRANSF. CONSOLID. DE CAPITAL AL SECTOR PÚBLICO;CAPITAL
800;TRANSFERENCIA;870;TRANSF. DE CAPITAL AL SECTOR PRIV.;874;APORTES Y SUBSIDIOS A ENTIDADES EDUCATIVAS E INSTITUCIONES PRIVADAS SIN FINES DE LUCRO;35;TRANSF. CONSOLID. DE CAPITAL AL SECTOR PÚBLICO;CAPITAL
800;TRANSFERENCIA;870;TRANSF. DE CAPITAL AL SECTOR PRIV.;875;TRANSFERENCIAS PARA SUBSIDIO HABITACIONAL DIRECTO;35;TRANSF. CONSOLID. DE CAPITAL AL SECTOR PÚBLICO;CAPITAL
800;TRANSFERENCIA;870;TRANSF. DE CAPITAL AL SECTOR PRIV.;876;TRANSFERENCIAS AL SECTOR PRIVADO EMPRESARIAL;35;TRANSF. CONSOLID. DE CAPITAL AL SECTOR PÚBLICO;CAPITAL
800;TRANSFERENCIA;870;TRANSF. DE CAPITAL AL SECTOR PRIV.;877;TRANSFERENCIA AL FONDO NACIONAL DE LA VIVIENDA SOCIAL (FONAVIS);35;TRANSF. CONSOLID. DE CAPITAL AL SECTOR PÚBLICO;CAPITAL
800;TRANSFERENCIA;870;TRANSF. DE CAPITAL AL SECTOR PRIV.;878;APORTES O SUBSIDIOS AL TRANSPORTE PUBLICO COLECTIVO Y OTROS SECTORES;35;TRANSF. CONSOLID. DE CAPITAL AL SECTOR PÚBLICO;CAPITAL
800;TRANSFERENCIA;870;TRANSF. DE CAPITAL AL SECTOR PRIV.;879;TRANSF. DE CAPITAL AL SECTOR PRIV., VARIAS;35;TRANSF. CONSOLID. DE CAPITAL AL SECTOR PÚBLICO;CAPITAL
800;TRANSFERENCIA;880;TRANSF. DE CAPITAL AL SECTOR EXTERNO;881;TRANSF. DE CAPITAL AL SECTOR EXTERNO;35;TRANSF. CONSOLID. DE CAPITAL AL SECTOR PÚBLICO;CAPITAL
800;TRANSFERENCIA;880;TRANSF. DE CAPITAL AL SECTOR EXTERNO;882;TRANSFERENCIA A LA ENTIDAD ITAIPU BINACIONAL;35;TRANSF. CONSOLID. DE CAPITAL AL SECTOR PÚBLICO;CAPITAL
800;TRANSFERENCIA;880;TRANSF. DE CAPITAL AL SECTOR EXTERNO;889;TRANSFERENCIAS DE CAPITAL AL SECTOR EXTERNO VARIAS;35;TRANSF. CONSOLID. DE CAPITAL AL SECTOR PÚBLICO;CAPITAL
800;TRANSFERENCIA;890;OTRAS TRANSF. DE CAPITAL AL SECTOR PUB. O PRIV.;891;TRANSF. DE CAPITAL AL BCO.CENTRAL DEL PARAGUAY;35;TRANSF. CONSOLID. DE CAPITAL AL SECTOR PÚBLICO;CAPITAL
800;TRANSFERENCIA;890;OTRAS TRANSF. DE CAPITAL AL SECTOR PUB. O PRIV.;892;APORTES DEL TESORO NACIONAL;35;TRANSF. CONSOLID. DE CAPITAL AL SECTOR PÚBLICO;CAPITAL
800;TRANSFERENCIA;890;OTRAS TRANSF. DE CAPITAL AL SECTOR PUB. O PRIV.;893;TRANSF. A MUNICIPALIDADES;35;TRANSF. CONSOLID. DE CAPITAL AL SECTOR PÚBLICO;CAPITAL
800;TRANSFERENCIA;890;OTRAS TRANSF. DE CAPITAL AL SECTOR PUB. O PRIV.;894;OTRAS TRANSF. AL SECTOR PÚB.;35;TRANSF. CONSOLID. DE CAPITAL AL SECTOR PÚBLICO;CAPITAL
800;TRANSFERENCIA;890;OTRAS TRANSF. DE CAPITAL AL SECTOR PUB. O PRIV.;895;OTROS APORTES DEL TESORO NAC.;35;TRANSF. CONSOLID. DE CAPITAL AL SECTOR PÚBLICO;CAPITAL
800;TRANSFERENCIA;890;OTRAS TRANSF. DE CAPITAL AL SECTOR PUB. O PRIV.;896;TRANSF. A ORGANIZ. MUNICIPALES;35;TRANSF. CONSOLID. DE CAPITAL AL SECTOR PÚBLICO;CAPITAL
800;TRANSFERENCIA;890;OTRAS TRANSF. DE CAPITAL AL SECTOR PUB. O PRIV.;897;TRANSFERENCIAS DE CAPITAL AL FONDO DE JUBILACIONES Y PENSIONES PARA MIEMBROS DEL PODER LEGISLATIVO;35;TRANSF. CONSOLID. DE CAPITAL AL SECTOR PÚBLICO;CAPITAL
800;TRANSFERENCIA;890;OTRAS TRANSF. DE CAPITAL AL SECTOR PUB. O PRIV.;898;TRANSFERENCIAS DE CAPITAL DEL BANCO CENTRAL DEL PARAGUAY AL FONDO DE GARANTÍA DE DESARROLLO (FGD);35;TRANSF. CONSOLID. DE CAPITAL AL SECTOR PÚBLICO;CAPITAL
800;TRANSFERENCIA;890;OTRAS TRANSF. DE CAPITAL AL SECTOR PUB. O PRIV.;899;OTRAS TRANSFERENCIAS DE CAPITAL AL SECTOR PÚBLICO O PRIVADO VARIAS;35;TRANSF. CONSOLID. DE CAPITAL AL SECTOR PÚBLICO;CAPITAL
900;OTROS GASTOS;910;PAGO DE IMP.,TASAS, GASTOS JUD.;911;IMPUESTOS DIRECTOS;70;OTROS GASTOS;CORRIENTES
900;OTROS GASTOS;910;PAGO DE IMP.,TASAS, GASTOS JUD.;912;IMPUESTOS INDIRECTOS;70;OTROS GASTOS;CORRIENTES
900;OTROS GASTOS;910;PAGO DE IMP.,TASAS, GASTOS JUD.;913;TASAS Y CONTRIB.;70;OTROS GASTOS;CORRIENTES
900;OTROS GASTOS;910;PAGO DE IMP.,TASAS, GASTOS JUD.;914;MULTAS Y RECARGOS;70;OTROS GASTOS;CORRIENTES
900;OTROS GASTOS;910;PAGO DE IMP.,TASAS, GASTOS JUD.;915;GASTOS JUDICIALES;70;OTROS GASTOS;CORRIENTES
900;OTROS GASTOS;910;PAGO DE IMP.,TASAS, GASTOS JUD.;916;ESTUDIO DE HISTOCOMPATIBILIDAD (HLA) E INMUNEGENÉTICA (ADN);70;OTROS GASTOS;CORRIENTES
900;OTROS GASTOS;910;PAGO DE IMP.,TASAS, GASTOS JUD.;917;ADQUISICIONES SIMULADAS;70;OTROS GASTOS;CORRIENTES
900;OTROS GASTOS;910;PAGO DE IMP.,TASAS, GASTOS JUD.;918;PAGOS Y COMPENSACIONES ENTRE ENTIDADES DEL ESTADO;70;OTROS GASTOS;CORRIENTES
900;OTROS GASTOS;910;PAGO DE IMP.,TASAS, GASTOS JUD.;919;IMPUESTOS, TASAS Y GASTOS JUD. VARIOS;70;OTROS GASTOS;CORRIENTES
900;OTROS GASTOS;920;DEVOL. DE IMPUESTOS Y OTROS ING. NO TRIBUT.;921;DEVOL. DE IMPUESTOS, TASAS Y CONTRIBUC.;70;OTROS GASTOS;CORRIENTES
900;OTROS GASTOS;920;DEVOL. DE IMPUESTOS Y OTROS ING. NO TRIBUT.;922;DEVOL. DE INGRESOS NO TRIBUTARIOS;70;OTROS GASTOS;CORRIENTES
900;OTROS GASTOS;920;DEVOL. DE IMPUESTOS Y OTROS ING. NO TRIBUT.;923;DEVOL. DE ARANCELES;70;OTROS GASTOS;CORRIENTES
900;OTROS GASTOS;920;DEVOL. DE IMPUESTOS Y OTROS ING. NO TRIBUT.;924;DEVOL. DE DEPOSITOS Y GARANTIAS;70;OTROS GASTOS;CORRIENTES
900;OTROS GASTOS;920;DEVOL. DE IMPUESTOS Y OTROS ING. NO TRIBUT.;929;DEVOL. VARIAS;70;OTROS GASTOS;CORRIENTES
900;OTROS GASTOS;930;INTERESES DE ENT. FINANC. PUBLICAS;939;INTERESES DE ENT. FINANC. PUBLICAS, VARIOS;70;OTROS GASTOS;CORRIENTES
900;OTROS GASTOS;940;DESCUENTOS POR VENTAS;949;DESCUENTOS VARIOS;70;OTROS GASTOS;CORRIENTES
900;OTROS GASTOS;950;RESERVAS TECNICAS Y CAMBIARIAS;951;PROV. PARA DIF. DE CAMBIO;70;OTROS GASTOS;CORRIENTES
900;OTROS GASTOS;950;RESERVAS TECNICAS Y CAMBIARIAS;959;RESERVAS TECNICAS VARIAS;70;OTROS GASTOS;CORRIENTES
900;OTROS GASTOS;960;DEUDAS PEND. PAGO DE GASTOS CORR. DE EJERC. ANT.;961;SERV. PERSONALES;70;OTROS GASTOS;CORRIENTES
900;OTROS GASTOS;960;DEUDAS PEND. PAGO DE GASTOS CORR. DE EJERC. ANT.;962;SERV. NO PERSONALES;70;OTROS GASTOS;CORRIENTES
900;OTROS GASTOS;960;DEUDAS PEND. PAGO DE GASTOS CORR. DE EJERC. ANT.;963;BIENES DE CONSUMO E INSUMOS;70;OTROS GASTOS;CORRIENTES
900;OTROS GASTOS;960;DEUDAS PEND. PAGO DE GASTOS CORR. DE EJERC. ANT.;964;SERVICIO DE LA DEUDA PUBLICA;70;OTROS GASTOS;CORRIENTES
900;OTROS GASTOS;960;DEUDAS PEND. PAGO DE GASTOS CORR. DE EJERC. ANT.;965;TRANSFERENCIAS;70;OTROS GASTOS;CORRIENTES
900;OTROS GASTOS;960;DEUDAS PEND. PAGO DE GASTOS CORR. DE EJERC. ANT.;969;OTROS GASTOS;70;OTROS GASTOS;CORRIENTES
900;OTROS GASTOS;970;GASTOS RESERVADOS;979;GASTOS RESERVADOS;70;OTROS GASTOS;CORRIENTES
900;OTROS GASTOS;980;DEUDAS PEND. PAGO DE GASTOS DE CAP. DE EJERC. ANT.;981;SERV. PERSONALES;70;OTROS GASTOS;CAPITAL
900;OTROS GASTOS;980;DEUDAS PEND. PAGO DE GASTOS DE CAP. DE EJERC. ANT.;982;SERV. NO PERSONALES;70;OTROS GASTOS;CAPITAL
900;OTROS GASTOS;980;DEUDAS PEND. PAGO DE GASTOS DE CAP. DE EJERC. ANT.;983;BIENES DE CONSUMO E INSUMOS;70;OTROS GASTOS;CAPITAL
900;OTROS GASTOS;980;DEUDAS PEND. PAGO DE GASTOS DE CAP. DE EJERC. ANT.;984;BIENES DE CAMBIO;70;OTROS GASTOS;CAPITAL
900;OTROS GASTOS;980;DEUDAS PEND. PAGO DE GASTOS DE CAP. DE EJERC. ANT.;985;INVERSION FISICA;70;OTROS GASTOS;CAPITAL
900;OTROS GASTOS;980;DEUDAS PEND. PAGO DE GASTOS DE CAP. DE EJERC. ANT.;986;INVERSION FINANCIERA;70;OTROS GASTOS;CAPITAL
900;OTROS GASTOS;980;DEUDAS PEND. PAGO DE GASTOS DE CAP. DE EJERC. ANT.;987;SERV. DEUDA PUBLICA;70;OTROS GASTOS;CAPITAL
900;OTROS GASTOS;980;DEUDAS PEND. PAGO DE GASTOS DE CAP. DE EJERC. ANT.;988;TRANSFERENCIAS;70;OTROS GASTOS;CAPITAL
900;OTROS GASTOS;980;DEUDAS PEND. PAGO DE GASTOS DE CAP. DE EJERC. ANT.;989;OTROS GASTOS;70;OTROS GASTOS;CAPITAL